,qID,accuracy,response,qset,lecture,subID
0,13,1,A,0,1,P1
1,21,0,B,0,2,P1
2,12,0,D,0,1,P1
3,16,1,A,0,2,P1
4,28,1,A,0,2,P1
5,26,1,A,0,2,P1
6,2,0,C,0,1,P1
7,35,1,A,0,0,P1
8,27,0,C,0,2,P1
9,5,1,A,0,1,P1
10,32,0,B,0,0,P1
11,9,1,A,0,1,P1
12,37,0,B,0,0,P1
13,15,1,A,1,1,P1
14,29,1,A,1,2,P1
15,17,0,B,1,2,P1
16,11,1,A,1,1,P1
17,18,1,A,1,2,P1
18,39,1,A,1,0,P1
19,10,1,A,1,1,P1
20,3,1,A,1,1,P1
21,31,1,A,1,0,P1
22,7,1,A,1,1,P1
23,38,1,A,1,0,P1
24,20,1,A,1,2,P1
25,24,0,C,1,2,P1
26,22,1,A,2,2,P1
27,6,1,A,2,1,P1
28,14,1,A,2,1,P1
29,36,1,A,2,0,P1
30,4,1,A,2,1,P1
31,1,1,A,2,1,P1
32,33,1,A,2,0,P1
33,23,1,A,2,2,P1
34,19,1,A,2,2,P1
35,34,1,A,2,0,P1
36,25,1,A,2,2,P1
37,30,1,A,2,2,P1
38,8,1,A,2,1,P1
0,24,0,B,0,2,P2
1,25,0,B,0,2,P2
2,2,0,D,0,1,P2
3,30,0,B,0,2,P2
4,17,0,C,0,2,P2
5,3,0,C,0,1,P2
6,7,0,D,0,1,P2
7,14,1,A,0,1,P2
8,37,0,B,0,0,P2
9,39,1,A,0,0,P2
10,19,1,A,0,2,P2
11,6,0,C,0,1,P2
12,32,0,D,0,0,P2
13,27,0,C,1,2,P2
14,4,1,A,1,1,P2
15,28,0,D,1,2,P2
16,31,1,A,1,0,P2
17,8,1,A,1,1,P2
18,23,1,A,1,2,P2
19,9,0,C,1,1,P2
20,20,0,C,1,2,P2
21,22,0,B,1,2,P2
22,33,1,A,1,0,P2
23,12,1,A,1,1,P2
24,10,1,A,1,1,P2
25,38,0,C,1,0,P2
26,18,1,A,2,2,P2
27,36,0,C,2,0,P2
28,21,1,A,2,2,P2
29,35,1,A,2,0,P2
30,29,1,A,2,2,P2
31,34,0,D,2,0,P2
32,13,1,A,2,1,P2
33,11,1,A,2,1,P2
34,1,1,A,2,1,P2
35,5,0,D,2,1,P2
36,16,1,A,2,2,P2
37,26,1,A,2,2,P2
38,15,1,A,2,1,P2
0,1,0,C,0,1,P3
1,23,0,D,0,2,P3
2,18,0,C,0,2,P3
3,22,1,A,0,2,P3
4,34,0,D,0,0,P3
5,36,1,A,0,0,P3
6,14,1,A,0,1,P3
7,31,0,D,0,0,P3
8,15,1,A,0,1,P3
9,26,0,D,0,2,P3
10,13,1,A,0,1,P3
11,24,0,B,0,2,P3
12,6,0,B,0,1,P3
13,20,0,C,1,2,P3
14,35,1,A,1,0,P3
15,3,0,C,1,1,P3
16,25,0,C,1,2,P3
17,8,0,B,1,1,P3
18,37,0,B,1,0,P3
19,29,0,C,1,2,P3
20,11,1,A,1,1,P3
21,9,0,B,1,1,P3
22,21,0,C,1,2,P3
23,30,0,B,1,2,P3
24,12,0,C,1,1,P3
25,33,1,A,1,0,P3
26,2,0,C,2,1,P3
27,16,0,D,2,2,P3
28,32,1,A,2,0,P3
29,38,1,A,2,0,P3
30,17,0,C,2,2,P3
31,28,1,A,2,2,P3
32,4,1,A,2,1,P3
33,27,0,C,2,2,P3
34,7,0,C,2,1,P3
35,10,0,D,2,1,P3
36,19,0,C,2,2,P3
37,39,0,D,2,0,P3
38,5,1,A,2,1,P3
0,32,1,A,0,0,P4
1,12,0,C,0,1,P4
2,36,1,A,0,0,P4
3,4,0,B,0,1,P4
4,10,1,A,0,1,P4
5,22,0,C,0,2,P4
6,1,0,D,0,1,P4
7,25,0,B,0,2,P4
8,33,0,B,0,0,P4
9,16,1,A,0,2,P4
10,26,0,C,0,2,P4
11,28,1,A,0,2,P4
12,11,1,A,0,1,P4
13,7,0,C,1,1,P4
14,9,0,C,1,1,P4
15,23,1,A,1,2,P4
16,35,0,B,1,0,P4
17,15,1,A,1,1,P4
18,31,1,A,1,0,P4
19,19,0,D,1,2,P4
20,21,0,B,1,2,P4
21,3,1,A,1,1,P4
22,30,0,B,1,2,P4
23,34,1,A,1,0,P4
24,27,0,C,1,2,P4
25,6,0,D,1,1,P4
26,2,1,A,2,1,P4
27,37,0,B,2,0,P4
28,18,1,A,2,2,P4
29,17,1,A,2,2,P4
30,20,1,A,2,2,P4
31,29,1,A,2,2,P4
32,13,1,A,2,1,P4
33,24,0,B,2,2,P4
34,38,1,A,2,0,P4
35,5,0,D,2,1,P4
36,39,0,B,2,0,P4
37,14,1,A,2,1,P4
38,8,1,A,2,1,P4
0,1,0,D,0,1,P5
1,4,0,B,0,1,P5
2,17,0,B,0,2,P5
3,27,0,D,0,2,P5
4,16,1,A,0,2,P5
5,38,1,A,0,0,P5
6,11,1,A,0,1,P5
7,22,0,C,0,2,P5
8,9,0,B,0,1,P5
9,31,0,D,0,0,P5
10,36,0,C,0,0,P5
11,10,0,C,0,1,P5
12,18,1,A,0,2,P5
13,21,0,B,1,2,P5
14,14,1,A,1,1,P5
15,25,0,B,1,2,P5
16,8,0,D,1,1,P5
17,15,1,A,1,1,P5
18,24,0,C,1,2,P5
19,32,1,A,1,0,P5
20,37,1,A,1,0,P5
21,35,1,A,1,0,P5
22,26,1,A,1,2,P5
23,2,1,A,1,1,P5
24,20,0,D,1,2,P5
25,5,0,D,1,1,P5
26,30,0,B,2,2,P5
27,28,1,A,2,2,P5
28,6,0,B,2,1,P5
29,7,1,A,2,1,P5
30,3,1,A,2,1,P5
31,29,1,A,2,2,P5
32,34,1,A,2,0,P5
33,13,1,A,2,1,P5
34,33,1,A,2,0,P5
35,23,1,A,2,2,P5
36,19,0,C,2,2,P5
37,39,1,A,2,0,P5
38,12,1,A,2,1,P5
0,26,0,D,0,2,P6
1,33,0,C,0,0,P6
2,24,0,B,0,2,P6
3,31,1,A,0,0,P6
4,3,0,D,0,1,P6
5,14,1,A,0,1,P6
6,19,1,A,0,2,P6
7,1,1,A,0,1,P6
8,4,0,D,0,1,P6
9,29,0,B,0,2,P6
10,23,0,D,0,2,P6
11,32,1,A,0,0,P6
12,6,0,C,0,1,P6
13,18,1,A,1,2,P6
14,22,1,A,1,2,P6
15,27,0,C,1,2,P6
16,5,0,D,1,1,P6
17,2,1,A,1,1,P6
18,8,1,A,1,1,P6
19,21,0,B,1,2,P6
20,35,1,A,1,0,P6
21,12,1,A,1,1,P6
22,37,0,D,1,0,P6
23,9,1,A,1,1,P6
24,30,0,B,1,2,P6
25,34,1,A,1,0,P6
26,20,1,A,2,2,P6
27,13,1,A,2,1,P6
28,10,1,A,2,1,P6
29,7,1,A,2,1,P6
30,28,1,A,2,2,P6
31,38,1,A,2,0,P6
32,36,1,A,2,0,P6
33,11,1,A,2,1,P6
34,25,1,A,2,2,P6
35,16,0,D,2,2,P6
36,15,1,A,2,1,P6
37,39,1,A,2,0,P6
38,17,1,A,2,2,P6
0,15,1,A,0,1,P7
1,26,0,D,0,2,P7
2,32,0,C,0,0,P7
3,18,0,D,0,2,P7
4,16,1,A,0,2,P7
5,39,0,B,0,0,P7
6,29,0,B,0,2,P7
7,13,0,D,0,1,P7
8,4,0,C,0,1,P7
9,11,0,B,0,1,P7
10,6,0,D,0,1,P7
11,22,0,C,0,2,P7
12,38,1,A,0,0,P7
13,36,0,D,1,0,P7
14,12,1,A,1,1,P7
15,5,0,C,1,1,P7
16,7,1,A,1,1,P7
17,20,0,B,1,2,P7
18,1,0,D,1,1,P7
19,33,1,A,1,0,P7
20,14,1,A,1,1,P7
21,25,0,B,1,2,P7
22,19,0,C,1,2,P7
23,28,1,A,1,2,P7
24,17,0,C,1,2,P7
25,34,0,D,1,0,P7
26,9,0,B,2,1,P7
27,8,1,A,2,1,P7
28,35,1,A,2,0,P7
29,24,0,B,2,2,P7
30,30,1,A,2,2,P7
31,27,1,A,2,2,P7
32,21,1,A,2,2,P7
33,3,1,A,2,1,P7
34,2,0,D,2,1,P7
35,23,0,D,2,2,P7
36,37,0,D,2,0,P7
37,31,1,A,2,0,P7
38,10,1,A,2,1,P7
0,32,0,B,0,0,P8
1,1,0,D,0,1,P8
2,18,0,C,0,2,P8
3,21,0,B,0,2,P8
4,23,1,A,0,2,P8
5,22,0,B,0,2,P8
6,4,0,C,0,1,P8
7,8,0,D,0,1,P8
8,5,1,A,0,1,P8
9,33,0,B,0,0,P8
10,10,1,A,0,1,P8
11,20,0,D,0,2,P8
12,34,1,A,0,0,P8
13,37,0,D,1,0,P8
14,39,1,A,1,0,P8
15,31,1,A,1,0,P8
16,19,1,A,1,2,P8
17,6,1,A,1,1,P8
18,11,1,A,1,1,P8
19,2,0,D,1,1,P8
20,24,0,B,1,2,P8
21,12,1,A,1,1,P8
22,25,0,B,1,2,P8
23,28,1,A,1,2,P8
24,9,0,B,1,1,P8
25,26,0,D,1,2,P8
26,17,1,A,2,2,P8
27,13,1,A,2,1,P8
28,16,1,A,2,2,P8
29,14,1,A,2,1,P8
30,29,1,A,2,2,P8
31,15,1,A,2,1,P8
32,7,1,A,2,1,P8
33,30,1,A,2,2,P8
34,36,1,A,2,0,P8
35,27,1,A,2,2,P8
36,35,1,A,2,0,P8
37,38,1,A,2,0,P8
38,3,1,A,2,1,P8
0,13,0,D,0,1,P9
1,10,0,D,0,1,P9
2,1,0,D,0,1,P9
3,11,1,A,0,1,P9
4,25,0,C,0,2,P9
5,24,0,C,0,2,P9
6,18,0,D,0,2,P9
7,39,0,D,0,0,P9
8,38,1,A,0,0,P9
9,7,0,D,0,1,P9
10,36,1,A,0,0,P9
11,17,0,C,0,2,P9
12,16,1,A,0,2,P9
13,28,0,C,1,2,P9
14,27,0,C,1,2,P9
15,30,0,D,1,2,P9
16,34,1,A,1,0,P9
17,14,1,A,1,1,P9
18,8,0,B,1,1,P9
19,6,0,B,1,1,P9
20,3,1,A,1,1,P9
21,12,1,A,1,1,P9
22,29,1,A,1,2,P9
23,37,0,D,1,0,P9
24,33,0,B,1,0,P9
25,20,0,C,1,2,P9
26,23,1,A,2,2,P9
27,15,1,A,2,1,P9
28,19,1,A,2,2,P9
29,5,0,D,2,1,P9
30,2,0,C,2,1,P9
31,4,1,A,2,1,P9
32,35,1,A,2,0,P9
33,22,1,A,2,2,P9
34,21,1,A,2,2,P9
35,9,0,C,2,1,P9
36,32,1,A,2,0,P9
37,31,1,A,2,0,P9
38,26,1,A,2,2,P9
0,23,0,D,0,2,P10
1,32,1,A,0,0,P10
2,24,0,B,0,2,P10
3,9,1,A,0,1,P10
4,16,1,A,0,2,P10
5,38,1,A,0,0,P10
6,25,1,A,0,2,P10
7,14,1,A,0,1,P10
8,6,0,C,0,1,P10
9,36,1,A,0,0,P10
10,21,0,B,0,2,P10
11,8,1,A,0,1,P10
12,11,0,D,0,1,P10
13,13,1,A,1,1,P10
14,18,0,B,1,2,P10
15,22,1,A,1,2,P10
16,15,1,A,1,1,P10
17,33,0,B,1,0,P10
18,3,1,A,1,1,P10
19,5,1,A,1,1,P10
20,30,0,C,1,2,P10
21,4,1,A,1,1,P10
22,39,0,D,1,0,P10
23,17,0,B,1,2,P10
24,37,0,D,1,0,P10
25,19,0,B,1,2,P10
26,1,0,D,2,1,P10
27,12,1,A,2,1,P10
28,20,1,A,2,2,P10
29,35,1,A,2,0,P10
30,10,1,A,2,1,P10
31,28,1,A,2,2,P10
32,26,1,A,2,2,P10
33,27,1,A,2,2,P10
34,31,1,A,2,0,P10
35,7,1,A,2,1,P10
36,29,1,A,2,2,P10
37,34,1,A,2,0,P10
38,2,1,A,2,1,P10
0,17,1,A,0,2,P11
1,6,1,A,0,1,P11
2,10,0,D,0,1,P11
3,3,0,C,0,1,P11
4,28,1,A,0,2,P11
5,35,1,A,0,0,P11
6,36,1,A,0,0,P11
7,24,0,B,0,2,P11
8,19,1,A,0,2,P11
9,8,0,C,0,1,P11
10,20,1,A,0,2,P11
11,38,1,A,0,0,P11
12,15,1,A,0,1,P11
13,4,1,A,1,1,P11
14,33,1,A,1,0,P11
15,27,0,C,1,2,P11
16,9,1,A,1,1,P11
17,14,1,A,1,1,P11
18,12,1,A,1,1,P11
19,30,0,B,1,2,P11
20,21,1,A,1,2,P11
21,11,1,A,1,1,P11
22,37,0,B,1,0,P11
23,18,1,A,1,2,P11
24,31,1,A,1,0,P11
25,26,1,A,1,2,P11
26,22,1,A,2,2,P11
27,32,1,A,2,0,P11
28,5,1,A,2,1,P11
29,2,1,A,2,1,P11
30,34,1,A,2,0,P11
31,16,1,A,2,2,P11
32,23,1,A,2,2,P11
33,7,1,A,2,1,P11
34,29,1,A,2,2,P11
35,39,0,B,2,0,P11
36,1,1,A,2,1,P11
37,13,1,A,2,1,P11
38,25,1,A,2,2,P11
0,25,0,B,0,2,P12
1,13,0,B,0,1,P12
2,23,0,B,0,2,P12
3,11,0,D,0,1,P12
4,9,0,B,0,1,P12
5,10,0,C,0,1,P12
6,12,0,C,0,1,P12
7,27,0,C,0,2,P12
8,37,0,B,0,0,P12
9,32,1,A,0,0,P12
10,16,0,C,0,2,P12
11,26,0,D,0,2,P12
12,33,1,A,0,0,P12
13,34,1,A,1,0,P12
14,6,0,D,1,1,P12
15,2,1,A,1,1,P12
16,20,1,A,1,2,P12
17,18,0,D,1,2,P12
18,21,1,A,1,2,P12
19,31,1,A,1,0,P12
20,4,1,A,1,1,P12
21,14,1,A,1,1,P12
22,7,1,A,1,1,P12
23,39,1,A,1,0,P12
24,24,0,B,1,2,P12
25,30,0,B,1,2,P12
26,17,1,A,2,2,P12
27,3,1,A,2,1,P12
28,29,1,A,2,2,P12
29,38,1,A,2,0,P12
30,22,1,A,2,2,P12
31,19,1,A,2,2,P12
32,15,1,A,2,1,P12
33,36,1,A,2,0,P12
34,1,1,A,2,1,P12
35,5,0,C,2,1,P12
36,35,1,A,2,0,P12
37,28,1,A,2,2,P12
38,8,0,B,2,1,P12
0,33,0,B,0,0,P13
1,13,1,A,0,1,P13
2,34,1,A,0,0,P13
3,5,0,D,0,1,P13
4,17,1,A,0,2,P13
5,2,0,D,0,1,P13
6,23,0,C,0,2,P13
7,15,1,A,0,1,P13
8,16,1,A,0,2,P13
9,39,1,A,0,0,P13
10,4,0,D,0,1,P13
11,18,1,A,0,2,P13
12,19,1,A,0,2,P13
13,38,1,A,1,0,P13
14,37,0,D,1,0,P13
15,29,0,B,1,2,P13
16,12,1,A,1,1,P13
17,22,0,C,1,2,P13
18,3,1,A,1,1,P13
19,10,1,A,1,1,P13
20,36,1,A,1,0,P13
21,8,1,A,1,1,P13
22,28,1,A,1,2,P13
23,24,0,B,1,2,P13
24,30,1,A,1,2,P13
25,1,1,A,1,1,P13
26,20,1,A,2,2,P13
27,26,1,A,2,2,P13
28,9,0,C,2,1,P13
29,25,0,B,2,2,P13
30,14,1,A,2,1,P13
31,31,1,A,2,0,P13
32,6,0,D,2,1,P13
33,32,1,A,2,0,P13
34,35,0,B,2,0,P13
35,11,1,A,2,1,P13
36,21,0,B,2,2,P13
37,27,1,A,2,2,P13
38,7,0,D,2,1,P13
0,5,1,A,0,1,P14
1,39,1,A,0,0,P14
2,14,1,A,0,1,P14
3,19,1,A,0,2,P14
4,22,0,C,0,2,P14
5,26,1,A,0,2,P14
6,10,0,C,0,1,P14
7,27,0,C,0,2,P14
8,34,1,A,0,0,P14
9,30,0,B,0,2,P14
10,8,1,A,0,1,P14
11,36,1,A,0,0,P14
12,6,0,D,0,1,P14
13,13,1,A,1,1,P14
14,25,0,C,1,2,P14
15,28,1,A,1,2,P14
16,15,1,A,1,1,P14
17,3,1,A,1,1,P14
18,1,1,A,1,1,P14
19,38,1,A,1,0,P14
20,37,0,D,1,0,P14
21,31,1,A,1,0,P14
22,12,1,A,1,1,P14
23,23,1,A,1,2,P14
24,16,1,A,1,2,P14
25,29,1,A,1,2,P14
26,9,0,C,2,1,P14
27,20,1,A,2,2,P14
28,7,1,A,2,1,P14
29,33,1,A,2,0,P14
30,11,1,A,2,1,P14
31,2,1,A,2,1,P14
32,24,0,C,2,2,P14
33,18,1,A,2,2,P14
34,17,1,A,2,2,P14
35,21,1,A,2,2,P14
36,32,1,A,2,0,P14
37,4,1,A,2,1,P14
38,35,1,A,2,0,P14
0,20,1,A,0,2,P15
1,25,0,B,0,2,P15
2,18,1,A,0,2,P15
3,9,1,A,0,1,P15
4,12,0,C,0,1,P15
5,5,0,C,0,1,P15
6,35,1,A,0,0,P15
7,31,1,A,0,0,P15
8,10,1,A,0,1,P15
9,38,1,A,0,0,P15
10,30,0,B,0,2,P15
11,3,0,B,0,1,P15
12,23,1,A,0,2,P15
13,28,0,B,1,2,P15
14,39,0,D,1,0,P15
15,14,1,A,1,1,P15
16,37,1,A,1,0,P15
17,6,1,A,1,1,P15
18,13,1,A,1,1,P15
19,17,0,B,1,2,P15
20,24,0,C,1,2,P15
21,1,0,D,1,1,P15
22,21,1,A,1,2,P15
23,19,1,A,1,2,P15
24,32,0,B,1,0,P15
25,2,1,A,1,1,P15
26,8,0,C,2,1,P15
27,16,1,A,2,2,P15
28,29,1,A,2,2,P15
29,7,1,A,2,1,P15
30,27,1,A,2,2,P15
31,33,0,B,2,0,P15
32,34,1,A,2,0,P15
33,22,1,A,2,2,P15
34,26,1,A,2,2,P15
35,36,1,A,2,0,P15
36,11,1,A,2,1,P15
37,4,1,A,2,1,P15
38,15,1,A,2,1,P15
0,32,0,C,0,0,P16
1,9,0,B,0,1,P16
2,23,0,B,0,2,P16
3,1,1,A,0,1,P16
4,3,0,B,0,1,P16
5,31,1,A,0,0,P16
6,17,1,A,0,2,P16
7,18,1,A,0,2,P16
8,7,0,D,0,1,P16
9,29,0,B,0,2,P16
10,13,1,A,0,1,P16
11,34,1,A,0,0,P16
12,24,0,B,0,2,P16
13,2,1,A,1,1,P16
14,30,0,B,1,2,P16
15,8,1,A,1,1,P16
16,14,1,A,1,1,P16
17,25,0,C,1,2,P16
18,4,1,A,1,1,P16
19,27,1,A,1,2,P16
20,22,0,C,1,2,P16
21,5,0,D,1,1,P16
22,21,1,A,1,2,P16
23,36,1,A,1,0,P16
24,37,1,A,1,0,P16
25,39,0,D,1,0,P16
26,35,1,A,2,0,P16
27,19,1,A,2,2,P16
28,26,0,B,2,2,P16
29,16,1,A,2,2,P16
30,6,0,C,2,1,P16
31,12,1,A,2,1,P16
32,11,1,A,2,1,P16
33,38,1,A,2,0,P16
34,15,1,A,2,1,P16
35,28,1,A,2,2,P16
36,20,0,D,2,2,P16
37,10,1,A,2,1,P16
38,33,0,B,2,0,P16
0,29,1,A,0,2,P17
1,7,1,A,0,1,P17
2,11,1,A,0,1,P17
3,14,1,A,0,1,P17
4,33,0,B,0,0,P17
5,27,0,C,0,2,P17
6,22,0,C,0,2,P17
7,39,1,A,0,0,P17
8,38,1,A,0,0,P17
9,8,0,C,0,1,P17
10,10,1,A,0,1,P17
11,17,1,A,0,2,P17
12,30,1,A,0,2,P17
13,12,1,A,1,1,P17
14,25,1,A,1,2,P17
15,34,1,A,1,0,P17
16,31,1,A,1,0,P17
17,21,0,B,1,2,P17
18,20,1,A,1,2,P17
19,35,1,A,1,0,P17
20,1,1,A,1,1,P17
21,18,0,D,1,2,P17
22,26,1,A,1,2,P17
23,15,1,A,1,1,P17
24,6,1,A,1,1,P17
25,4,1,A,1,1,P17
26,37,0,D,2,0,P17
27,36,1,A,2,0,P17
28,28,1,A,2,2,P17
29,3,1,A,2,1,P17
30,16,1,A,2,2,P17
31,24,0,B,2,2,P17
32,2,1,A,2,1,P17
33,13,1,A,2,1,P17
34,23,1,A,2,2,P17
35,19,1,A,2,2,P17
36,5,1,A,2,1,P17
37,9,1,A,2,1,P17
38,32,1,A,2,0,P17
0,28,1,A,0,2,P18
1,2,0,D,0,1,P18
2,14,1,A,0,1,P18
3,30,0,B,0,2,P18
4,39,0,B,0,0,P18
5,7,0,C,0,1,P18
6,16,1,A,0,2,P18
7,12,0,C,0,1,P18
8,33,0,B,0,0,P18
9,37,0,B,0,0,P18
10,23,1,A,0,2,P18
11,27,1,A,0,2,P18
12,4,0,B,0,1,P18
13,34,1,A,1,0,P18
14,5,0,D,1,1,P18
15,10,1,A,1,1,P18
16,32,1,A,1,0,P18
17,9,0,C,1,1,P18
18,6,0,D,1,1,P18
19,24,0,B,1,2,P18
20,3,1,A,1,1,P18
21,17,1,A,1,2,P18
22,19,1,A,1,2,P18
23,25,0,D,1,2,P18
24,18,0,C,1,2,P18
25,35,1,A,1,0,P18
26,38,0,B,2,0,P18
27,26,1,A,2,2,P18
28,22,1,A,2,2,P18
29,13,1,A,2,1,P18
30,20,1,A,2,2,P18
31,31,1,A,2,0,P18
32,21,1,A,2,2,P18
33,1,0,D,2,1,P18
34,36,1,A,2,0,P18
35,15,1,A,2,1,P18
36,11,1,A,2,1,P18
37,29,1,A,2,2,P18
38,8,0,C,2,1,P18
0,21,1,A,0,2,P19
1,6,1,A,0,1,P19
2,18,1,A,0,2,P19
3,36,1,A,0,0,P19
4,16,1,A,0,2,P19
5,3,0,C,0,1,P19
6,15,1,A,0,1,P19
7,2,0,C,0,1,P19
8,7,0,D,0,1,P19
9,32,1,A,0,0,P19
10,37,1,A,0,0,P19
11,17,1,A,0,2,P19
12,23,0,C,0,2,P19
13,12,1,A,1,1,P19
14,24,1,A,1,2,P19
15,29,1,A,1,2,P19
16,31,1,A,1,0,P19
17,20,1,A,1,2,P19
18,10,1,A,1,1,P19
19,14,1,A,1,1,P19
20,25,1,A,1,2,P19
21,5,1,A,1,1,P19
22,34,1,A,1,0,P19
23,39,1,A,1,0,P19
24,11,1,A,1,1,P19
25,19,1,A,1,2,P19
26,27,1,A,2,2,P19
27,22,1,A,2,2,P19
28,13,1,A,2,1,P19
29,4,1,A,2,1,P19
30,9,1,A,2,1,P19
31,35,1,A,2,0,P19
32,8,1,A,2,1,P19
33,30,1,A,2,2,P19
34,28,1,A,2,2,P19
35,38,1,A,2,0,P19
36,1,1,A,2,1,P19
37,33,1,A,2,0,P19
38,26,1,A,2,2,P19
0,37,1,A,0,0,P20
1,16,1,A,0,2,P20
2,21,1,A,0,2,P20
3,29,1,A,0,2,P20
4,24,0,B,0,2,P20
5,12,0,C,0,1,P20
6,11,1,A,0,1,P20
7,3,0,C,0,1,P20
8,14,1,A,0,1,P20
9,31,1,A,0,0,P20
10,15,1,A,0,1,P20
11,25,1,A,0,2,P20
12,36,1,A,0,0,P20
13,23,1,A,1,2,P20
14,13,1,A,1,1,P20
15,19,0,C,1,2,P20
16,39,1,A,1,0,P20
17,30,0,B,1,2,P20
18,10,1,A,1,1,P20
19,33,1,A,1,0,P20
20,27,0,C,1,2,P20
21,5,1,A,1,1,P20
22,35,1,A,1,0,P20
23,28,1,A,1,2,P20
24,6,0,D,1,1,P20
25,2,1,A,1,1,P20
26,20,1,A,2,2,P20
27,34,0,D,2,0,P20
28,32,1,A,2,0,P20
29,26,1,A,2,2,P20
30,18,1,A,2,2,P20
31,17,1,A,2,2,P20
32,9,0,C,2,1,P20
33,38,1,A,2,0,P20
34,8,1,A,2,1,P20
35,7,1,A,2,1,P20
36,1,1,A,2,1,P20
37,22,1,A,2,2,P20
38,4,1,A,2,1,P20
0,7,0,C,0,1,P21
1,14,1,A,0,1,P21
2,6,0,D,0,1,P21
3,11,0,D,0,1,P21
4,26,0,C,0,2,P21
5,34,1,A,0,0,P21
6,25,1,A,0,2,P21
7,30,1,A,0,2,P21
8,33,1,A,0,0,P21
9,16,0,D,0,2,P21
10,23,1,A,0,2,P21
11,31,1,A,0,0,P21
12,5,1,A,0,1,P21
13,10,1,A,1,1,P21
14,35,1,A,1,0,P21
15,36,1,A,1,0,P21
16,17,0,B,1,2,P21
17,28,1,A,1,2,P21
18,24,0,B,1,2,P21
19,32,1,A,1,0,P21
20,2,1,A,1,1,P21
21,13,1,A,1,1,P21
22,19,0,C,1,2,P21
23,22,0,C,1,2,P21
24,3,1,A,1,1,P21
25,8,1,A,1,1,P21
26,12,1,A,2,1,P21
27,20,1,A,2,2,P21
28,39,1,A,2,0,P21
29,21,1,A,2,2,P21
30,37,1,A,2,0,P21
31,15,1,A,2,1,P21
32,38,1,A,2,0,P21
33,18,1,A,2,2,P21
34,29,1,A,2,2,P21
35,1,1,A,2,1,P21
36,9,0,C,2,1,P21
37,4,1,A,2,1,P21
38,27,1,A,2,2,P21
0,16,0,B,0,2,P22
1,1,0,D,0,1,P22
2,31,1,A,0,0,P22
3,19,0,D,0,2,P22
4,17,0,B,0,2,P22
5,15,1,A,0,1,P22
6,6,0,B,0,1,P22
7,13,1,A,0,1,P22
8,29,0,B,0,2,P22
9,22,0,C,0,2,P22
10,33,0,D,0,0,P22
11,34,0,D,0,0,P22
12,8,1,A,0,1,P22
13,5,1,A,1,1,P22
14,18,0,B,1,2,P22
15,27,0,C,1,2,P22
16,26,1,A,1,2,P22
17,39,0,D,1,0,P22
18,24,0,B,1,2,P22
19,12,1,A,1,1,P22
20,9,1,A,1,1,P22
21,2,1,A,1,1,P22
22,38,1,A,1,0,P22
23,14,1,A,1,1,P22
24,37,1,A,1,0,P22
25,30,0,B,1,2,P22
26,25,1,A,2,2,P22
27,10,1,A,2,1,P22
28,28,1,A,2,2,P22
29,3,1,A,2,1,P22
30,7,0,C,2,1,P22
31,21,1,A,2,2,P22
32,4,1,A,2,1,P22
33,20,1,A,2,2,P22
34,35,1,A,2,0,P22
35,23,1,A,2,2,P22
36,11,1,A,2,1,P22
37,32,1,A,2,0,P22
38,36,1,A,2,0,P22
0,37,0,D,0,0,P23
1,14,1,A,0,1,P23
2,39,0,D,0,0,P23
3,20,1,A,0,2,P23
4,23,1,A,0,2,P23
5,27,0,C,0,2,P23
6,7,0,C,0,1,P23
7,11,0,B,0,1,P23
8,31,1,A,0,0,P23
9,30,0,B,0,2,P23
10,28,0,D,0,2,P23
11,3,0,C,0,1,P23
12,15,0,D,0,1,P23
13,21,1,A,1,2,P23
14,13,1,A,1,1,P23
15,12,1,A,1,1,P23
16,26,0,B,1,2,P23
17,8,1,A,1,1,P23
18,34,0,D,1,0,P23
19,32,1,A,1,0,P23
20,29,1,A,1,2,P23
21,5,0,D,1,1,P23
22,4,1,A,1,1,P23
23,25,1,A,1,2,P23
24,35,1,A,1,0,P23
25,17,1,A,1,2,P23
26,33,1,A,2,0,P23
27,1,0,D,2,1,P23
28,2,1,A,2,1,P23
29,22,1,A,2,2,P23
30,24,0,B,2,2,P23
31,10,1,A,2,1,P23
32,19,1,A,2,2,P23
33,6,0,D,2,1,P23
34,16,0,D,2,2,P23
35,36,1,A,2,0,P23
36,18,1,A,2,2,P23
37,38,0,D,2,0,P23
38,9,1,A,2,1,P23
0,36,0,C,0,0,P24
1,20,0,C,0,2,P24
2,19,0,B,0,2,P24
3,14,1,A,0,1,P24
4,28,0,B,0,2,P24
5,9,0,B,0,1,P24
6,34,0,D,0,0,P24
7,10,0,D,0,1,P24
8,22,0,B,0,2,P24
9,29,0,B,0,2,P24
10,4,0,C,0,1,P24
11,38,1,A,0,0,P24
12,11,0,D,0,1,P24
13,39,0,B,1,0,P24
14,30,0,B,1,2,P24
15,26,0,B,1,2,P24
16,5,1,A,1,1,P24
17,27,0,C,1,2,P24
18,32,1,A,1,0,P24
19,24,0,B,1,2,P24
20,15,1,A,1,1,P24
21,35,1,A,1,0,P24
22,6,1,A,1,1,P24
23,3,0,B,1,1,P24
24,21,1,A,1,2,P24
25,2,0,C,1,1,P24
26,1,0,D,2,1,P24
27,17,1,A,2,2,P24
28,18,1,A,2,2,P24
29,12,1,A,2,1,P24
30,31,1,A,2,0,P24
31,23,1,A,2,2,P24
32,37,1,A,2,0,P24
33,13,1,A,2,1,P24
34,7,1,A,2,1,P24
35,8,0,D,2,1,P24
36,33,0,D,2,0,P24
37,16,1,A,2,2,P24
38,25,1,A,2,2,P24
0,11,0,D,0,1,P25
1,24,0,C,0,2,P25
2,25,1,A,0,2,P25
3,10,0,C,0,1,P25
4,31,1,A,0,0,P25
5,20,1,A,0,2,P25
6,6,1,A,0,1,P25
7,18,1,A,0,2,P25
8,2,0,D,0,1,P25
9,28,1,A,0,2,P25
10,37,0,D,0,0,P25
11,9,1,A,0,1,P25
12,39,1,A,0,0,P25
13,13,1,A,1,1,P25
14,30,0,B,1,2,P25
15,14,1,A,1,1,P25
16,33,1,A,1,0,P25
17,26,0,D,1,2,P25
18,35,1,A,1,0,P25
19,1,1,A,1,1,P25
20,8,1,A,1,1,P25
21,7,1,A,1,1,P25
22,23,1,A,1,2,P25
23,16,0,D,1,2,P25
24,36,1,A,1,0,P25
25,29,1,A,1,2,P25
26,5,0,C,2,1,P25
27,19,1,A,2,2,P25
28,34,1,A,2,0,P25
29,12,1,A,2,1,P25
30,27,1,A,2,2,P25
31,15,1,A,2,1,P25
32,22,1,A,2,2,P25
33,38,1,A,2,0,P25
34,17,1,A,2,2,P25
35,3,1,A,2,1,P25
36,21,0,B,2,2,P25
37,32,1,A,2,0,P25
38,4,1,A,2,1,P25
0,17,1,A,0,2,P26
1,5,0,B,0,1,P26
2,10,0,D,0,1,P26
3,23,0,B,0,2,P26
4,27,1,A,0,2,P26
5,31,1,A,0,0,P26
6,13,1,A,0,1,P26
7,39,0,D,0,0,P26
8,9,1,A,0,1,P26
9,19,0,C,0,2,P26
10,35,1,A,0,0,P26
11,7,1,A,0,1,P26
12,21,0,B,0,2,P26
13,15,1,A,1,1,P26
14,28,0,B,1,2,P26
15,29,0,B,1,2,P26
16,37,1,A,1,0,P26
17,4,1,A,1,1,P26
18,36,1,A,1,0,P26
19,12,1,A,1,1,P26
20,3,1,A,1,1,P26
21,6,1,A,1,1,P26
22,32,1,A,1,0,P26
23,22,0,B,1,2,P26
24,20,0,C,1,2,P26
25,16,0,C,1,2,P26
26,1,1,A,2,1,P26
27,25,1,A,2,2,P26
28,14,1,A,2,1,P26
29,26,0,B,2,2,P26
30,33,0,B,2,0,P26
31,34,0,D,2,0,P26
32,11,1,A,2,1,P26
33,38,1,A,2,0,P26
34,18,1,A,2,2,P26
35,8,1,A,2,1,P26
36,2,1,A,2,1,P26
37,30,1,A,2,2,P26
38,24,1,A,2,2,P26
0,7,0,D,0,1,P27
1,10,1,A,0,1,P27
2,24,0,C,0,2,P27
3,19,1,A,0,2,P27
4,1,0,D,0,1,P27
5,32,1,A,0,0,P27
6,22,0,C,0,2,P27
7,30,0,B,0,2,P27
8,35,1,A,0,0,P27
9,6,1,A,0,1,P27
10,27,0,C,0,2,P27
11,37,1,A,0,0,P27
12,3,0,D,0,1,P27
13,21,1,A,1,2,P27
14,18,0,C,1,2,P27
15,28,0,B,1,2,P27
16,23,0,B,1,2,P27
17,5,0,C,1,1,P27
18,4,0,B,1,1,P27
19,8,1,A,1,1,P27
20,11,1,A,1,1,P27
21,33,1,A,1,0,P27
22,36,1,A,1,0,P27
23,14,1,A,1,1,P27
24,34,0,B,1,0,P27
25,29,0,B,1,2,P27
26,17,1,A,2,2,P27
27,16,1,A,2,2,P27
28,2,0,C,2,1,P27
29,25,1,A,2,2,P27
30,20,1,A,2,2,P27
31,12,1,A,2,1,P27
32,15,1,A,2,1,P27
33,39,1,A,2,0,P27
34,9,0,B,2,1,P27
35,38,1,A,2,0,P27
36,26,0,B,2,2,P27
37,13,1,A,2,1,P27
38,31,1,A,2,0,P27
0,28,0,B,0,2,P28
1,14,1,A,0,1,P28
2,36,1,A,0,0,P28
3,25,1,A,0,2,P28
4,29,1,A,0,2,P28
5,7,1,A,0,1,P28
6,21,1,A,0,2,P28
7,31,1,A,0,0,P28
8,16,0,C,0,2,P28
9,2,0,D,0,1,P28
10,33,1,A,0,0,P28
11,10,0,D,0,1,P28
12,3,0,C,0,1,P28
13,38,1,A,1,0,P28
14,18,0,C,1,2,P28
15,22,1,A,1,2,P28
16,23,0,B,1,2,P28
17,17,1,A,1,2,P28
18,9,0,C,1,1,P28
19,30,1,A,1,2,P28
20,11,1,A,1,1,P28
21,37,0,D,1,0,P28
22,4,1,A,1,1,P28
23,15,0,B,1,1,P28
24,32,1,A,1,0,P28
25,6,0,C,1,1,P28
26,39,1,A,2,0,P28
27,19,1,A,2,2,P28
28,5,0,D,2,1,P28
29,24,0,B,2,2,P28
30,1,1,A,2,1,P28
31,35,1,A,2,0,P28
32,12,1,A,2,1,P28
33,20,0,D,2,2,P28
34,13,1,A,2,1,P28
35,26,0,D,2,2,P28
36,34,1,A,2,0,P28
37,27,1,A,2,2,P28
38,8,1,A,2,1,P28
0,3,1,A,0,1,P29
1,26,0,D,0,2,P29
2,5,1,A,0,1,P29
3,6,0,C,0,1,P29
4,7,1,A,0,1,P29
5,38,1,A,0,0,P29
6,27,0,D,0,2,P29
7,32,0,C,0,0,P29
8,4,0,C,0,1,P29
9,31,0,C,0,0,P29
10,29,1,A,0,2,P29
11,21,0,B,0,2,P29
12,30,0,C,0,2,P29
13,39,1,A,1,0,P29
14,16,0,D,1,2,P29
15,1,1,A,1,1,P29
16,18,1,A,1,2,P29
17,14,1,A,1,1,P29
18,8,1,A,1,1,P29
19,12,1,A,1,1,P29
20,9,0,C,1,1,P29
21,37,1,A,1,0,P29
22,19,1,A,1,2,P29
23,28,0,B,1,2,P29
24,34,0,D,1,0,P29
25,25,0,C,1,2,P29
26,10,1,A,2,1,P29
27,2,0,C,2,1,P29
28,24,1,A,2,2,P29
29,22,1,A,2,2,P29
30,33,0,B,2,0,P29
31,36,1,A,2,0,P29
32,20,0,D,2,2,P29
33,15,1,A,2,1,P29
34,23,1,A,2,2,P29
35,35,1,A,2,0,P29
36,13,1,A,2,1,P29
37,11,1,A,2,1,P29
38,17,1,A,2,2,P29
0,32,1,A,0,0,P30
1,25,0,D,0,2,P30
2,16,1,A,0,2,P30
3,10,0,D,0,1,P30
4,23,0,B,0,2,P30
5,18,0,D,0,2,P30
6,33,0,B,0,0,P30
7,26,0,B,0,2,P30
8,3,0,C,0,1,P30
9,9,0,B,0,1,P30
10,6,0,C,0,1,P30
11,39,0,D,0,0,P30
12,5,0,B,0,1,P30
13,31,1,A,1,0,P30
14,12,1,A,1,1,P30
15,24,0,B,1,2,P30
16,35,1,A,1,0,P30
17,29,1,A,1,2,P30
18,7,1,A,1,1,P30
19,2,1,A,1,1,P30
20,38,0,D,1,0,P30
21,8,1,A,1,1,P30
22,22,0,C,1,2,P30
23,19,1,A,1,2,P30
24,28,0,B,1,2,P30
25,15,1,A,1,1,P30
26,27,0,C,2,2,P30
27,34,1,A,2,0,P30
28,13,1,A,2,1,P30
29,37,0,B,2,0,P30
30,36,1,A,2,0,P30
31,21,1,A,2,2,P30
32,14,1,A,2,1,P30
33,17,1,A,2,2,P30
34,20,1,A,2,2,P30
35,11,1,A,2,1,P30
36,1,0,D,2,1,P30
37,30,1,A,2,2,P30
38,4,1,A,2,1,P30
0,14,1,A,0,1,P31
1,23,0,B,0,2,P31
2,31,1,A,0,0,P31
3,19,1,A,0,2,P31
4,39,1,A,0,0,P31
5,8,1,A,0,1,P31
6,7,0,D,0,1,P31
7,4,0,B,0,1,P31
8,25,0,D,0,2,P31
9,37,0,C,0,0,P31
10,21,1,A,0,2,P31
11,17,0,C,0,2,P31
12,12,0,C,0,1,P31
13,15,1,A,1,1,P31
14,18,0,C,1,2,P31
15,11,1,A,1,1,P31
16,34,1,A,1,0,P31
17,2,1,A,1,1,P31
18,35,1,A,1,0,P31
19,20,0,C,1,2,P31
20,30,0,B,1,2,P31
21,27,0,C,1,2,P31
22,36,1,A,1,0,P31
23,3,0,C,1,1,P31
24,13,0,B,1,1,P31
25,26,0,B,1,2,P31
26,5,0,D,2,1,P31
27,24,0,B,2,2,P31
28,29,1,A,2,2,P31
29,22,1,A,2,2,P31
30,32,1,A,2,0,P31
31,28,1,A,2,2,P31
32,16,1,A,2,2,P31
33,33,1,A,2,0,P31
34,38,1,A,2,0,P31
35,9,0,C,2,1,P31
36,10,1,A,2,1,P31
37,6,1,A,2,1,P31
38,1,1,A,2,1,P31
0,23,1,A,0,2,P32
1,18,0,D,0,2,P32
2,11,0,D,0,1,P32
3,6,0,D,0,1,P32
4,3,0,D,0,1,P32
5,35,1,A,0,0,P32
6,8,0,D,0,1,P32
7,31,1,A,0,0,P32
8,34,1,A,0,0,P32
9,19,0,C,0,2,P32
10,12,0,D,0,1,P32
11,22,0,C,0,2,P32
12,17,0,C,0,2,P32
13,9,1,A,1,1,P32
14,15,1,A,1,1,P32
15,24,0,D,1,2,P32
16,13,1,A,1,1,P32
17,10,1,A,1,1,P32
18,38,1,A,1,0,P32
19,20,0,C,1,2,P32
20,37,0,B,1,0,P32
21,5,0,D,1,1,P32
22,26,0,B,1,2,P32
23,16,0,D,1,2,P32
24,25,0,B,1,2,P32
25,39,0,C,1,0,P32
26,4,1,A,2,1,P32
27,33,1,A,2,0,P32
28,29,1,A,2,2,P32
29,28,1,A,2,2,P32
30,1,0,D,2,1,P32
31,21,0,B,2,2,P32
32,36,1,A,2,0,P32
33,32,1,A,2,0,P32
34,30,1,A,2,2,P32
35,27,0,D,2,2,P32
36,7,1,A,2,1,P32
37,14,1,A,2,1,P32
38,2,1,A,2,1,P32
0,17,1,A,0,2,P33
1,13,1,A,0,1,P33
2,2,0,C,0,1,P33
3,3,0,C,0,1,P33
4,5,0,D,0,1,P33
5,21,0,B,0,2,P33
6,31,1,A,0,0,P33
7,9,1,A,0,1,P33
8,22,1,A,0,2,P33
9,34,1,A,0,0,P33
10,39,1,A,0,0,P33
11,19,1,A,0,2,P33
12,27,0,C,0,2,P33
13,29,0,B,1,2,P33
14,35,1,A,1,0,P33
15,10,1,A,1,1,P33
16,23,1,A,1,2,P33
17,33,0,B,1,0,P33
18,12,1,A,1,1,P33
19,11,1,A,1,1,P33
20,6,1,A,1,1,P33
21,4,1,A,1,1,P33
22,38,1,A,1,0,P33
23,18,0,C,1,2,P33
24,24,1,A,1,2,P33
25,20,1,A,1,2,P33
26,16,0,D,2,2,P33
27,36,1,A,2,0,P33
28,1,0,D,2,1,P33
29,26,0,B,2,2,P33
30,25,1,A,2,2,P33
31,32,1,A,2,0,P33
32,15,1,A,2,1,P33
33,14,1,A,2,1,P33
34,30,1,A,2,2,P33
35,7,1,A,2,1,P33
36,37,1,A,2,0,P33
37,8,1,A,2,1,P33
38,28,1,A,2,2,P33
0,8,0,D,0,1,P34
1,9,0,C,0,1,P34
2,12,0,C,0,1,P34
3,36,0,B,0,0,P34
4,32,1,A,0,0,P34
5,21,0,B,0,2,P34
6,19,1,A,0,2,P34
7,1,0,D,0,1,P34
8,34,1,A,0,0,P34
9,18,1,A,0,2,P34
10,20,1,A,0,2,P34
11,14,1,A,0,1,P34
12,30,0,C,0,2,P34
13,27,0,D,1,2,P34
14,2,1,A,1,1,P34
15,5,1,A,1,1,P34
16,26,0,B,1,2,P34
17,22,0,C,1,2,P34
18,11,1,A,1,1,P34
19,39,1,A,1,0,P34
20,10,1,A,1,1,P34
21,25,1,A,1,2,P34
22,23,0,B,1,2,P34
23,3,1,A,1,1,P34
24,38,1,A,1,0,P34
25,37,1,A,1,0,P34
26,33,1,A,2,0,P34
27,35,1,A,2,0,P34
28,24,0,B,2,2,P34
29,16,1,A,2,2,P34
30,31,0,B,2,0,P34
31,17,1,A,2,2,P34
32,7,1,A,2,1,P34
33,28,1,A,2,2,P34
34,29,1,A,2,2,P34
35,13,1,A,2,1,P34
36,15,1,A,2,1,P34
37,4,1,A,2,1,P34
38,6,0,B,2,1,P34
0,36,0,C,0,0,P35
1,16,0,C,0,2,P35
2,1,0,D,0,1,P35
3,8,0,C,0,1,P35
4,18,0,D,0,2,P35
5,26,0,B,0,2,P35
6,14,1,A,0,1,P35
7,7,1,A,0,1,P35
8,11,0,D,0,1,P35
9,25,1,A,0,2,P35
10,32,1,A,0,0,P35
11,24,0,B,0,2,P35
12,37,0,D,0,0,P35
13,38,1,A,1,0,P35
14,6,1,A,1,1,P35
15,35,1,A,1,0,P35
16,27,1,A,1,2,P35
17,22,0,D,1,2,P35
18,17,1,A,1,2,P35
19,5,1,A,1,1,P35
20,30,0,B,1,2,P35
21,28,1,A,1,2,P35
22,10,1,A,1,1,P35
23,39,1,A,1,0,P35
24,13,1,A,1,1,P35
25,2,1,A,1,1,P35
26,33,0,B,2,0,P35
27,19,1,A,2,2,P35
28,29,1,A,2,2,P35
29,34,0,D,2,0,P35
30,12,1,A,2,1,P35
31,21,1,A,2,2,P35
32,31,1,A,2,0,P35
33,23,1,A,2,2,P35
34,3,1,A,2,1,P35
35,4,1,A,2,1,P35
36,15,1,A,2,1,P35
37,20,1,A,2,2,P35
38,9,0,B,2,1,P35
0,29,0,B,0,2,P36
1,31,0,D,0,0,P36
2,17,0,C,0,2,P36
3,36,1,A,0,0,P36
4,7,0,D,0,1,P36
5,20,0,C,0,2,P36
6,12,1,A,0,1,P36
7,38,1,A,0,0,P36
8,30,0,D,0,2,P36
9,4,0,C,0,1,P36
10,19,0,B,0,2,P36
11,5,0,D,0,1,P36
12,10,1,A,0,1,P36
13,37,0,D,1,0,P36
14,14,1,A,1,1,P36
15,22,0,C,1,2,P36
16,39,1,A,1,0,P36
17,35,1,A,1,0,P36
18,24,0,B,1,2,P36
19,16,0,D,1,2,P36
20,21,1,A,1,2,P36
21,2,0,C,1,1,P36
22,11,1,A,1,1,P36
23,9,0,C,1,1,P36
24,25,0,C,1,2,P36
25,3,1,A,1,1,P36
26,6,1,A,2,1,P36
27,26,1,A,2,2,P36
28,13,1,A,2,1,P36
29,28,1,A,2,2,P36
30,1,0,D,2,1,P36
31,23,0,B,2,2,P36
32,34,1,A,2,0,P36
33,33,1,A,2,0,P36
34,8,0,C,2,1,P36
35,27,1,A,2,2,P36
36,15,0,C,2,1,P36
37,18,1,A,2,2,P36
38,32,1,A,2,0,P36
0,19,0,C,0,2,P37
1,22,0,C,0,2,P37
2,3,0,C,0,1,P37
3,2,1,A,0,1,P37
4,34,0,D,0,0,P37
5,36,1,A,0,0,P37
6,24,0,B,0,2,P37
7,39,1,A,0,0,P37
8,23,0,D,0,2,P37
9,1,1,A,0,1,P37
10,10,1,A,0,1,P37
11,14,1,A,0,1,P37
12,21,0,D,0,2,P37
13,17,0,C,1,2,P37
14,20,0,D,1,2,P37
15,15,1,A,1,1,P37
16,6,1,A,1,1,P37
17,28,1,A,1,2,P37
18,37,0,B,1,0,P37
19,5,0,D,1,1,P37
20,12,1,A,1,1,P37
21,35,1,A,1,0,P37
22,33,1,A,1,0,P37
23,16,0,D,1,2,P37
24,27,0,C,1,2,P37
25,7,0,D,1,1,P37
26,11,1,A,2,1,P37
27,26,1,A,2,2,P37
28,9,0,C,2,1,P37
29,25,1,A,2,2,P37
30,32,1,A,2,0,P37
31,8,0,C,2,1,P37
32,38,1,A,2,0,P37
33,18,0,C,2,2,P37
34,29,1,A,2,2,P37
35,13,1,A,2,1,P37
36,31,1,A,2,0,P37
37,30,1,A,2,2,P37
38,4,1,A,2,1,P37
0,19,0,B,0,2,P38
1,38,0,C,0,0,P38
2,12,1,A,0,1,P38
3,29,0,B,0,2,P38
4,28,0,C,0,2,P38
5,32,1,A,0,0,P38
6,9,0,C,0,1,P38
7,8,1,A,0,1,P38
8,25,0,D,0,2,P38
9,13,0,B,0,1,P38
10,39,1,A,0,0,P38
11,5,1,A,0,1,P38
12,24,0,C,0,2,P38
13,21,0,B,1,2,P38
14,2,0,B,1,1,P38
15,37,1,A,1,0,P38
16,16,0,D,1,2,P38
17,31,0,B,1,0,P38
18,6,0,D,1,1,P38
19,26,0,B,1,2,P38
20,3,1,A,1,1,P38
21,4,0,B,1,1,P38
22,22,0,D,1,2,P38
23,30,1,A,1,2,P38
24,15,1,A,1,1,P38
25,35,1,A,1,0,P38
26,27,1,A,2,2,P38
27,7,1,A,2,1,P38
28,11,1,A,2,1,P38
29,34,1,A,2,0,P38
30,17,1,A,2,2,P38
31,18,1,A,2,2,P38
32,14,1,A,2,1,P38
33,20,0,B,2,2,P38
34,10,1,A,2,1,P38
35,36,0,C,2,0,P38
36,23,1,A,2,2,P38
37,33,0,D,2,0,P38
38,1,1,A,2,1,P38
0,39,0,D,0,0,P39
1,32,0,C,0,0,P39
2,18,0,B,0,2,P39
3,30,1,A,0,2,P39
4,1,0,D,0,1,P39
5,28,0,C,0,2,P39
6,38,1,A,0,0,P39
7,7,0,C,0,1,P39
8,25,0,C,0,2,P39
9,11,0,B,0,1,P39
10,22,1,A,0,2,P39
11,5,0,D,0,1,P39
12,4,0,D,0,1,P39
13,2,1,A,1,1,P39
14,34,0,D,1,0,P39
15,3,1,A,1,1,P39
16,21,1,A,1,2,P39
17,9,0,D,1,1,P39
18,26,0,D,1,2,P39
19,12,1,A,1,1,P39
20,23,0,B,1,2,P39
21,24,0,D,1,2,P39
22,19,1,A,1,2,P39
23,8,1,A,1,1,P39
24,37,0,D,1,0,P39
25,36,1,A,1,0,P39
26,16,0,D,2,2,P39
27,13,1,A,2,1,P39
28,31,1,A,2,0,P39
29,29,1,A,2,2,P39
30,14,1,A,2,1,P39
31,6,0,D,2,1,P39
32,33,0,B,2,0,P39
33,17,0,C,2,2,P39
34,35,1,A,2,0,P39
35,20,1,A,2,2,P39
36,15,1,A,2,1,P39
37,27,0,D,2,2,P39
38,10,0,D,2,1,P39
0,20,1,A,0,2,P40
1,27,1,A,0,2,P40
2,31,1,A,0,0,P40
3,17,1,A,0,2,P40
4,3,0,D,0,1,P40
5,15,1,A,0,1,P40
6,23,0,B,0,2,P40
7,13,1,A,0,1,P40
8,10,1,A,0,1,P40
9,25,1,A,0,2,P40
10,8,1,A,0,1,P40
11,39,1,A,0,0,P40
12,36,1,A,0,0,P40
13,19,1,A,1,2,P40
14,35,1,A,1,0,P40
15,1,1,A,1,1,P40
16,4,1,A,1,1,P40
17,26,1,A,1,2,P40
18,21,0,B,1,2,P40
19,7,1,A,1,1,P40
20,37,0,D,1,0,P40
21,2,1,A,1,1,P40
22,22,0,C,1,2,P40
23,38,1,A,1,0,P40
24,5,1,A,1,1,P40
25,29,1,A,1,2,P40
26,18,1,A,2,2,P40
27,34,1,A,2,0,P40
28,30,1,A,2,2,P40
29,33,0,B,2,0,P40
30,24,1,A,2,2,P40
31,28,1,A,2,2,P40
32,11,1,A,2,1,P40
33,6,1,A,2,1,P40
34,9,1,A,2,1,P40
35,12,1,A,2,1,P40
36,16,1,A,2,2,P40
37,14,1,A,2,1,P40
38,32,1,A,2,0,P40
0,5,1,A,0,1,P41
1,11,1,A,0,1,P41
2,17,1,A,0,2,P41
3,37,1,A,0,0,P41
4,18,0,D,0,2,P41
5,15,1,A,0,1,P41
6,25,1,A,0,2,P41
7,32,1,A,0,0,P41
8,7,1,A,0,1,P41
9,8,0,C,0,1,P41
10,33,1,A,0,0,P41
11,27,0,D,0,2,P41
12,24,0,B,0,2,P41
13,34,1,A,1,0,P41
14,19,0,C,1,2,P41
15,20,1,A,1,2,P41
16,22,1,A,1,2,P41
17,36,1,A,1,0,P41
18,39,1,A,1,0,P41
19,12,1,A,1,1,P41
20,13,1,A,1,1,P41
21,26,0,D,1,2,P41
22,2,1,A,1,1,P41
23,6,1,A,1,1,P41
24,9,1,A,1,1,P41
25,21,0,B,1,2,P41
26,38,1,A,2,0,P41
27,28,1,A,2,2,P41
28,30,1,A,2,2,P41
29,3,1,A,2,1,P41
30,10,1,A,2,1,P41
31,16,1,A,2,2,P41
32,14,1,A,2,1,P41
33,31,1,A,2,0,P41
34,23,1,A,2,2,P41
35,35,1,A,2,0,P41
36,29,1,A,2,2,P41
37,1,1,A,2,1,P41
38,4,1,A,2,1,P41
0,34,1,A,0,0,P42
1,16,1,A,0,2,P42
2,27,0,C,0,2,P42
3,24,0,D,0,2,P42
4,31,1,A,0,0,P42
5,39,0,D,0,0,P42
6,5,0,D,0,1,P42
7,15,0,B,0,1,P42
8,10,0,D,0,1,P42
9,23,0,C,0,2,P42
10,22,0,C,0,2,P42
11,2,1,A,0,1,P42
12,7,0,B,0,1,P42
13,9,0,C,1,1,P42
14,11,0,C,1,1,P42
15,28,0,C,1,2,P42
16,33,1,A,1,0,P42
17,1,0,D,1,1,P42
18,6,0,C,1,1,P42
19,12,1,A,1,1,P42
20,19,0,D,1,2,P42
21,30,1,A,1,2,P42
22,36,0,D,1,0,P42
23,35,1,A,1,0,P42
24,26,0,B,1,2,P42
25,20,0,D,1,2,P42
26,4,0,B,2,1,P42
27,3,1,A,2,1,P42
28,32,1,A,2,0,P42
29,8,0,B,2,1,P42
30,29,0,B,2,2,P42
31,13,0,B,2,1,P42
32,25,0,B,2,2,P42
33,38,1,A,2,0,P42
34,14,1,A,2,1,P42
35,21,1,A,2,2,P42
36,37,1,A,2,0,P42
37,18,0,D,2,2,P42
38,17,1,A,2,2,P42
0,2,0,B,0,1,P43
1,26,0,B,0,2,P43
2,14,1,A,0,1,P43
3,37,1,A,0,0,P43
4,27,0,C,0,2,P43
5,1,0,D,0,1,P43
6,21,1,A,0,2,P43
7,8,0,D,0,1,P43
8,31,1,A,0,0,P43
9,4,0,B,0,1,P43
10,33,1,A,0,0,P43
11,19,0,C,0,2,P43
12,23,1,A,0,2,P43
13,36,1,A,1,0,P43
14,28,1,A,1,2,P43
15,34,1,A,1,0,P43
16,22,1,A,1,2,P43
17,24,0,C,1,2,P43
18,12,1,A,1,1,P43
19,7,1,A,1,1,P43
20,5,1,A,1,1,P43
21,25,1,A,1,2,P43
22,9,1,A,1,1,P43
23,38,1,A,1,0,P43
24,30,1,A,1,2,P43
25,15,1,A,1,1,P43
26,39,1,A,2,0,P43
27,32,1,A,2,0,P43
28,11,1,A,2,1,P43
29,13,1,A,2,1,P43
30,35,1,A,2,0,P43
31,17,1,A,2,2,P43
32,29,1,A,2,2,P43
33,10,1,A,2,1,P43
34,18,1,A,2,2,P43
35,6,1,A,2,1,P43
36,3,1,A,2,1,P43
37,20,0,D,2,2,P43
38,16,1,A,2,2,P43
0,32,0,C,0,0,P44
1,20,0,C,0,2,P44
2,14,1,A,0,1,P44
3,2,0,D,0,1,P44
4,16,1,A,0,2,P44
5,17,0,C,0,2,P44
6,31,1,A,0,0,P44
7,1,0,D,0,1,P44
8,6,0,D,0,1,P44
9,30,0,B,0,2,P44
10,35,0,B,0,0,P44
11,28,0,B,0,2,P44
12,3,0,C,0,1,P44
13,38,1,A,1,0,P44
14,27,0,B,1,2,P44
15,39,0,D,1,0,P44
16,29,1,A,1,2,P44
17,37,0,D,1,0,P44
18,26,0,B,1,2,P44
19,9,0,C,1,1,P44
20,13,0,B,1,1,P44
21,8,1,A,1,1,P44
22,12,1,A,1,1,P44
23,25,1,A,1,2,P44
24,21,0,B,1,2,P44
25,11,1,A,1,1,P44
26,22,1,A,2,2,P44
27,19,1,A,2,2,P44
28,15,1,A,2,1,P44
29,36,1,A,2,0,P44
30,5,0,D,2,1,P44
31,34,1,A,2,0,P44
32,7,1,A,2,1,P44
33,10,1,A,2,1,P44
34,18,1,A,2,2,P44
35,33,1,A,2,0,P44
36,24,1,A,2,2,P44
37,4,1,A,2,1,P44
38,23,1,A,2,2,P44
0,5,1,A,0,1,P45
1,32,1,A,0,0,P45
2,37,0,B,0,0,P45
3,28,1,A,0,2,P45
4,18,0,C,0,2,P45
5,31,1,A,0,0,P45
6,16,0,D,0,2,P45
7,27,0,C,0,2,P45
8,14,1,A,0,1,P45
9,10,0,B,0,1,P45
10,13,0,B,0,1,P45
11,20,1,A,0,2,P45
12,15,1,A,0,1,P45
13,11,1,A,1,1,P45
14,30,0,D,1,2,P45
15,12,1,A,1,1,P45
16,24,0,B,1,2,P45
17,23,1,A,1,2,P45
18,3,1,A,1,1,P45
19,9,0,C,1,1,P45
20,6,1,A,1,1,P45
21,25,0,B,1,2,P45
22,33,1,A,1,0,P45
23,36,1,A,1,0,P45
24,22,0,C,1,2,P45
25,34,0,D,1,0,P45
26,7,1,A,2,1,P45
27,35,1,A,2,0,P45
28,8,1,A,2,1,P45
29,19,1,A,2,2,P45
30,21,1,A,2,2,P45
31,17,1,A,2,2,P45
32,1,1,A,2,1,P45
33,29,1,A,2,2,P45
34,39,0,B,2,0,P45
35,2,1,A,2,1,P45
36,4,1,A,2,1,P45
37,38,1,A,2,0,P45
38,26,1,A,2,2,P45
0,20,1,A,0,2,P46
1,19,1,A,0,2,P46
2,15,1,A,0,1,P46
3,38,1,A,0,0,P46
4,21,1,A,0,2,P46
5,3,0,C,0,1,P46
6,35,1,A,0,0,P46
7,30,1,A,0,2,P46
8,25,1,A,0,2,P46
9,33,1,A,0,0,P46
10,1,1,A,0,1,P46
11,11,0,B,0,1,P46
12,7,1,A,0,1,P46
13,34,0,D,1,0,P46
14,28,1,A,1,2,P46
15,22,0,C,1,2,P46
16,8,1,A,1,1,P46
17,4,1,A,1,1,P46
18,14,1,A,1,1,P46
19,26,0,B,1,2,P46
20,23,1,A,1,2,P46
21,13,1,A,1,1,P46
22,39,1,A,1,0,P46
23,37,1,A,1,0,P46
24,10,1,A,1,1,P46
25,29,1,A,1,2,P46
26,5,1,A,2,1,P46
27,18,1,A,2,2,P46
28,24,1,A,2,2,P46
29,31,1,A,2,0,P46
30,27,1,A,2,2,P46
31,6,1,A,2,1,P46
32,2,1,A,2,1,P46
33,12,0,C,2,1,P46
34,17,1,A,2,2,P46
35,9,1,A,2,1,P46
36,36,1,A,2,0,P46
37,32,1,A,2,0,P46
38,16,1,A,2,2,P46
0,11,1,A,0,1,P47
1,29,0,B,0,2,P47
2,12,1,A,0,1,P47
3,23,0,B,0,2,P47
4,2,0,D,0,1,P47
5,38,1,A,0,0,P47
6,35,1,A,0,0,P47
7,28,0,B,0,2,P47
8,22,1,A,0,2,P47
9,18,0,D,0,2,P47
10,13,0,B,0,1,P47
11,6,0,D,0,1,P47
12,37,0,B,0,0,P47
13,30,0,B,1,2,P47
14,7,1,A,1,1,P47
15,31,1,A,1,0,P47
16,9,0,B,1,1,P47
17,34,1,A,1,0,P47
18,27,0,C,1,2,P47
19,39,1,A,1,0,P47
20,21,0,B,1,2,P47
21,3,1,A,1,1,P47
22,16,0,D,1,2,P47
23,1,1,A,1,1,P47
24,26,0,D,1,2,P47
25,15,1,A,1,1,P47
26,36,1,A,2,0,P47
27,33,1,A,2,0,P47
28,17,1,A,2,2,P47
29,8,1,A,2,1,P47
30,24,0,B,2,2,P47
31,14,1,A,2,1,P47
32,4,1,A,2,1,P47
33,5,0,C,2,1,P47
34,20,1,A,2,2,P47
35,32,1,A,2,0,P47
36,25,0,B,2,2,P47
37,10,1,A,2,1,P47
38,19,1,A,2,2,P47
0,6,1,A,0,1,P48
1,25,0,C,0,2,P48
2,19,0,C,0,2,P48
3,31,1,A,0,0,P48
4,8,0,B,0,1,P48
5,36,1,A,0,0,P48
6,14,1,A,0,1,P48
7,34,1,A,0,0,P48
8,15,0,B,0,1,P48
9,22,1,A,0,2,P48
10,1,0,D,0,1,P48
11,21,0,B,0,2,P48
12,26,0,B,0,2,P48
13,9,0,C,1,1,P48
14,39,0,D,1,0,P48
15,3,0,C,1,1,P48
16,13,1,A,1,1,P48
17,23,1,A,1,2,P48
18,17,0,C,1,2,P48
19,35,1,A,1,0,P48
20,12,1,A,1,1,P48
21,27,1,A,1,2,P48
22,18,1,A,1,2,P48
23,4,0,B,1,1,P48
24,20,0,C,1,2,P48
25,33,0,B,1,0,P48
26,29,1,A,2,2,P48
27,5,0,C,2,1,P48
28,28,1,A,2,2,P48
29,24,0,B,2,2,P48
30,37,0,D,2,0,P48
31,38,1,A,2,0,P48
32,7,1,A,2,1,P48
33,32,0,B,2,0,P48
34,30,1,A,2,2,P48
35,2,0,C,2,1,P48
36,11,1,A,2,1,P48
37,16,0,B,2,2,P48
38,10,1,A,2,1,P48
0,28,1,A,0,2,P49
1,15,1,A,0,1,P49
2,5,0,D,0,1,P49
3,27,0,C,0,2,P49
4,30,0,B,0,2,P49
5,10,0,D,0,1,P49
6,38,1,A,0,0,P49
7,6,0,D,0,1,P49
8,37,0,C,0,0,P49
9,20,1,A,0,2,P49
10,4,0,B,0,1,P49
11,29,0,B,0,2,P49
12,31,0,B,0,0,P49
13,3,1,A,1,1,P49
14,16,0,C,1,2,P49
15,36,1,A,1,0,P49
16,7,1,A,1,1,P49
17,35,1,A,1,0,P49
18,17,0,C,1,2,P49
19,1,0,D,1,1,P49
20,34,1,A,1,0,P49
21,25,0,D,1,2,P49
22,12,1,A,1,1,P49
23,8,1,A,1,1,P49
24,21,1,A,1,2,P49
25,19,0,C,1,2,P49
26,33,1,A,2,0,P49
27,18,0,D,2,2,P49
28,9,0,D,2,1,P49
29,13,1,A,2,1,P49
30,26,0,D,2,2,P49
31,23,0,B,2,2,P49
32,11,1,A,2,1,P49
33,2,0,D,2,1,P49
34,39,1,A,2,0,P49
35,24,1,A,2,2,P49
36,22,1,A,2,2,P49
37,14,1,A,2,1,P49
38,32,1,A,2,0,P49
0,1,1,A,0,1,P50
1,39,0,D,0,0,P50
2,4,0,D,0,1,P50
3,31,1,A,0,0,P50
4,15,1,A,0,1,P50
5,16,0,C,0,2,P50
6,14,1,A,0,1,P50
7,27,0,D,0,2,P50
8,21,1,A,0,2,P50
9,10,0,C,0,1,P50
10,17,1,A,0,2,P50
11,35,1,A,0,0,P50
12,28,0,D,0,2,P50
13,25,1,A,1,2,P50
14,32,1,A,1,0,P50
15,6,1,A,1,1,P50
16,22,0,D,1,2,P50
17,34,1,A,1,0,P50
18,7,0,D,1,1,P50
19,19,1,A,1,2,P50
20,2,1,A,1,1,P50
21,24,0,B,1,2,P50
22,8,1,A,1,1,P50
23,9,0,D,1,1,P50
24,30,0,D,1,2,P50
25,38,1,A,1,0,P50
26,11,1,A,2,1,P50
27,37,0,B,2,0,P50
28,36,1,A,2,0,P50
29,26,0,D,2,2,P50
30,18,1,A,2,2,P50
31,12,0,B,2,1,P50
32,3,1,A,2,1,P50
33,5,0,C,2,1,P50
34,23,1,A,2,2,P50
35,13,1,A,2,1,P50
36,33,1,A,2,0,P50
37,29,1,A,2,2,P50
38,20,1,A,2,2,P50
