,correct?,participantID,qID,set,video
0,0,40,29,0,2
1,0,40,31,0,0
2,0,40,17,0,2
3,1,40,36,0,0
4,0,40,7,0,1
5,0,40,20,0,2
6,1,40,12,0,1
7,1,40,38,0,0
8,0,40,30,0,2
9,0,40,4,0,1
10,0,40,19,0,2
11,0,40,5,0,1
12,1,40,10,0,1
13,0,40,37,1,0
14,1,40,14,1,1
15,0,40,22,1,2
16,1,40,39,1,0
17,1,40,35,1,0
18,0,40,24,1,2
19,0,40,16,1,2
20,1,40,21,1,2
21,0,40,2,1,1
22,1,40,11,1,1
23,0,40,9,1,1
24,0,40,25,1,2
25,1,40,3,1,1
26,1,40,6,2,1
27,1,40,26,2,2
28,1,40,13,2,1
29,1,40,28,2,2
30,0,40,1,2,1
31,0,40,23,2,2
32,1,40,34,2,0
33,1,40,33,2,0
34,0,40,8,2,1
35,1,40,27,2,2
36,0,40,15,2,1
37,1,40,18,2,2
38,1,40,32,2,0
39,0,39,36,0,0
40,0,39,16,0,2
41,0,39,1,0,1
42,0,39,8,0,1
43,0,39,18,0,2
44,0,39,26,0,2
45,1,39,14,0,1
46,1,39,7,0,1
47,0,39,11,0,1
48,1,39,25,0,2
49,1,39,32,0,0
50,0,39,24,0,2
51,0,39,37,0,0
52,1,39,38,1,0
53,1,39,6,1,1
54,1,39,35,1,0
55,1,39,27,1,2
56,0,39,22,1,2
57,1,39,17,1,2
58,1,39,5,1,1
59,0,39,30,1,2
60,1,39,28,1,2
61,1,39,10,1,1
62,1,39,39,1,0
63,1,39,13,1,1
64,1,39,2,1,1
65,0,39,33,2,0
66,1,39,19,2,2
67,1,39,29,2,2
68,0,39,34,2,0
69,1,39,12,2,1
70,1,39,21,2,2
71,1,39,31,2,0
72,1,39,23,2,2
73,1,39,3,2,1
74,1,39,4,2,1
75,1,39,15,2,1
76,1,39,20,2,2
77,0,39,9,2,1
78,0,38,8,0,1
79,0,38,9,0,1
80,0,38,12,0,1
81,0,38,36,0,0
82,1,38,32,0,0
83,0,38,21,0,2
84,1,38,19,0,2
85,0,38,1,0,1
86,1,38,34,0,0
87,1,38,18,0,2
88,1,38,20,0,2
89,1,38,14,0,1
90,0,38,30,0,2
91,0,38,27,1,2
92,1,38,2,1,1
93,1,38,5,1,1
94,0,38,26,1,2
95,0,38,22,1,2
96,1,38,11,1,1
97,1,38,39,1,0
98,1,38,10,1,1
99,1,38,25,1,2
100,0,38,23,1,2
101,1,38,3,1,1
102,1,38,38,1,0
103,1,38,37,1,0
104,1,38,33,2,0
105,1,38,35,2,0
106,0,38,24,2,2
107,1,38,16,2,2
108,0,38,31,2,0
109,1,38,17,2,2
110,1,38,7,2,1
111,1,38,28,2,2
112,1,38,29,2,2
113,1,38,13,2,1
114,1,38,15,2,1
115,1,38,4,2,1
116,0,38,6,2,1
117,1,37,17,0,2
118,1,37,13,0,1
119,0,37,2,0,1
120,0,37,3,0,1
121,0,37,5,0,1
122,0,37,21,0,2
123,1,37,31,0,0
124,1,37,9,0,1
125,1,37,22,0,2
126,1,37,34,0,0
127,1,37,39,0,0
128,1,37,19,0,2
129,0,37,27,0,2
130,0,37,29,1,2
131,1,37,35,1,0
132,1,37,10,1,1
133,1,37,23,1,2
134,0,37,33,1,0
135,1,37,12,1,1
136,1,37,11,1,1
137,1,37,6,1,1
138,1,37,4,1,1
139,1,37,38,1,0
140,0,37,18,1,2
141,1,37,24,1,2
142,1,37,20,1,2
143,0,37,16,2,2
144,1,37,36,2,0
145,0,37,1,2,1
146,0,37,26,2,2
147,1,37,25,2,2
148,1,37,32,2,0
149,1,37,15,2,1
150,1,37,14,2,1
151,1,37,30,2,2
152,1,37,7,2,1
153,1,37,37,2,0
154,1,37,8,2,1
155,1,37,28,2,2
156,1,35,23,0,2
157,0,35,18,0,2
158,0,35,11,0,1
159,0,35,6,0,1
160,0,35,3,0,1
161,1,35,35,0,0
162,0,35,8,0,1
163,1,35,31,0,0
164,1,35,34,0,0
165,0,35,19,0,2
166,0,35,12,0,1
167,0,35,22,0,2
168,0,35,17,0,2
169,1,35,9,1,1
170,1,35,15,1,1
171,0,35,24,1,2
172,1,35,13,1,1
173,1,35,10,1,1
174,1,35,38,1,0
175,0,35,20,1,2
176,0,35,37,1,0
177,0,35,5,1,1
178,0,35,26,1,2
179,0,35,16,1,2
180,0,35,25,1,2
181,0,35,39,1,0
182,1,35,4,2,1
183,1,35,33,2,0
184,1,35,29,2,2
185,1,35,28,2,2
186,0,35,1,2,1
187,0,35,21,2,2
188,1,35,36,2,0
189,1,35,32,2,0
190,1,35,30,2,2
191,0,35,27,2,2
192,1,35,7,2,1
193,1,35,14,2,1
194,1,35,2,2,1
195,1,34,14,0,1
196,0,34,23,0,2
197,1,34,31,0,0
198,1,34,19,0,2
199,1,34,39,0,0
200,1,34,8,0,1
201,0,34,7,0,1
202,0,34,4,0,1
203,0,34,25,0,2
204,0,34,37,0,0
205,1,34,21,0,2
206,0,34,17,0,2
207,0,34,12,0,1
208,1,34,15,1,1
209,0,34,18,1,2
210,1,34,11,1,1
211,1,34,34,1,0
212,1,34,2,1,1
213,1,34,35,1,0
214,0,34,20,1,2
215,0,34,30,1,2
216,0,34,27,1,2
217,1,34,36,1,0
218,0,34,3,1,1
219,0,34,13,1,1
220,0,34,26,1,2
221,0,34,5,2,1
222,0,34,24,2,2
223,1,34,29,2,2
224,1,34,22,2,2
225,1,34,32,2,0
226,1,34,28,2,2
227,1,34,16,2,2
228,1,34,33,2,0
229,1,34,38,2,0
230,0,34,9,2,1
231,1,34,10,2,1
232,1,34,6,2,1
233,1,34,1,2,1
234,1,33,32,0,0
235,0,33,25,0,2
236,1,33,16,0,2
237,0,33,10,0,1
238,0,33,23,0,2
239,0,33,18,0,2
240,0,33,33,0,0
241,0,33,26,0,2
242,0,33,3,0,1
243,0,33,9,0,1
244,0,33,6,0,1
245,0,33,39,0,0
246,0,33,5,0,1
247,1,33,31,1,0
248,1,33,12,1,1
249,0,33,24,1,2
250,1,33,35,1,0
251,1,33,29,1,2
252,1,33,7,1,1
253,1,33,2,1,1
254,0,33,38,1,0
255,1,33,8,1,1
256,0,33,22,1,2
257,1,33,19,1,2
258,0,33,28,1,2
259,1,33,15,1,1
260,0,33,27,2,2
261,1,33,34,2,0
262,1,33,13,2,1
263,0,33,37,2,0
264,1,33,36,2,0
265,1,33,21,2,2
266,1,33,14,2,1
267,1,33,17,2,2
268,1,33,20,2,2
269,1,33,11,2,1
270,0,33,1,2,1
271,1,33,30,2,2
272,1,33,4,2,1
273,1,32,3,0,1
274,0,32,26,0,2
275,1,32,5,0,1
276,0,32,6,0,1
277,1,32,7,0,1
278,1,32,38,0,0
279,0,32,27,0,2
280,0,32,32,0,0
281,0,32,4,0,1
282,0,32,31,0,0
283,1,32,29,0,2
284,0,32,21,0,2
285,0,32,30,0,2
286,1,32,39,1,0
287,0,32,16,1,2
288,1,32,1,1,1
289,1,32,18,1,2
290,1,32,14,1,1
291,1,32,8,1,1
292,1,32,12,1,1
293,0,32,9,1,1
294,1,32,37,1,0
295,1,32,19,1,2
296,0,32,28,1,2
297,0,32,34,1,0
298,0,32,25,1,2
299,1,32,10,2,1
300,0,32,2,2,1
301,1,32,24,2,2
302,1,32,22,2,2
303,0,32,33,2,0
304,1,32,36,2,0
305,0,32,20,2,2
306,1,32,15,2,1
307,1,32,23,2,2
308,1,32,35,2,0
309,1,32,13,2,1
310,1,32,11,2,1
311,1,32,17,2,2
312,0,31,28,0,2
313,1,31,14,0,1
314,1,31,36,0,0
315,1,31,25,0,2
316,1,31,29,0,2
317,1,31,7,0,1
318,1,31,21,0,2
319,1,31,31,0,0
320,0,31,16,0,2
321,0,31,2,0,1
322,1,31,33,0,0
323,0,31,10,0,1
324,0,31,3,0,1
325,1,31,38,1,0
326,0,31,18,1,2
327,1,31,22,1,2
328,0,31,23,1,2
329,1,31,17,1,2
330,0,31,9,1,1
331,1,31,30,1,2
332,1,31,11,1,1
333,0,31,37,1,0
334,1,31,4,1,1
335,0,31,15,1,1
336,1,31,32,1,0
337,0,31,6,1,1
338,1,31,39,2,0
339,1,31,19,2,2
340,0,31,5,2,1
341,0,31,24,2,2
342,1,31,1,2,1
343,1,31,35,2,0
344,1,31,12,2,1
345,0,31,20,2,2
346,1,31,13,2,1
347,0,31,26,2,2
348,1,31,34,2,0
349,1,31,27,2,2
350,1,31,8,2,1
351,0,30,7,0,1
352,1,30,10,0,1
353,0,30,24,0,2
354,1,30,19,0,2
355,0,30,1,0,1
356,1,30,32,0,0
357,0,30,22,0,2
358,0,30,30,0,2
359,1,30,35,0,0
360,1,30,6,0,1
361,0,30,27,0,2
362,1,30,37,0,0
363,0,30,3,0,1
364,1,30,21,1,2
365,0,30,18,1,2
366,0,30,28,1,2
367,0,30,23,1,2
368,0,30,5,1,1
369,0,30,4,1,1
370,1,30,8,1,1
371,1,30,11,1,1
372,1,30,33,1,0
373,1,30,36,1,0
374,1,30,14,1,1
375,0,30,34,1,0
376,0,30,29,1,2
377,1,30,17,2,2
378,1,30,16,2,2
379,0,30,2,2,1
380,1,30,25,2,2
381,1,30,20,2,2
382,1,30,12,2,1
383,1,30,15,2,1
384,1,30,39,2,0
385,0,30,9,2,1
386,1,30,38,2,0
387,0,30,26,2,2
388,1,30,13,2,1
389,1,30,31,2,0
390,1,29,17,0,2
391,0,29,5,0,1
392,0,29,10,0,1
393,0,29,23,0,2
394,1,29,27,0,2
395,1,29,31,0,0
396,1,29,13,0,1
397,0,29,39,0,0
398,1,29,9,0,1
399,0,29,19,0,2
400,1,29,35,0,0
401,1,29,7,0,1
402,0,29,21,0,2
403,1,29,15,1,1
404,0,29,28,1,2
405,0,29,29,1,2
406,1,29,37,1,0
407,1,29,4,1,1
408,1,29,36,1,0
409,1,29,12,1,1
410,1,29,3,1,1
411,1,29,6,1,1
412,1,29,32,1,0
413,0,29,22,1,2
414,0,29,20,1,2
415,0,29,16,1,2
416,1,29,1,2,1
417,1,29,25,2,2
418,1,29,14,2,1
419,0,29,26,2,2
420,0,29,33,2,0
421,0,29,34,2,0
422,1,29,11,2,1
423,1,29,38,2,0
424,1,29,18,2,2
425,1,29,8,2,1
426,1,29,2,2,1
427,1,29,30,2,2
428,1,29,24,2,2
429,0,28,11,0,1
430,0,28,24,0,2
431,1,28,25,0,2
432,0,28,10,0,1
433,1,28,31,0,0
434,1,28,20,0,2
435,1,28,6,0,1
436,1,28,18,0,2
437,0,28,2,0,1
438,1,28,28,0,2
439,0,28,37,0,0
440,1,28,9,0,1
441,1,28,39,0,0
442,1,28,13,1,1
443,0,28,30,1,2
444,1,28,14,1,1
445,1,28,33,1,0
446,0,28,26,1,2
447,1,28,35,1,0
448,1,28,1,1,1
449,1,28,8,1,1
450,1,28,7,1,1
451,1,28,23,1,2
452,0,28,16,1,2
453,1,28,36,1,0
454,1,28,29,1,2
455,0,28,5,2,1
456,1,28,19,2,2
457,1,28,34,2,0
458,1,28,12,2,1
459,1,28,27,2,2
460,1,28,15,2,1
461,1,28,22,2,2
462,1,28,38,2,0
463,1,28,17,2,2
464,1,28,3,2,1
465,0,28,21,2,2
466,1,28,32,2,0
467,1,28,4,2,1
468,0,27,36,0,0
469,0,27,20,0,2
470,0,27,19,0,2
471,1,27,14,0,1
472,0,27,28,0,2
473,0,27,9,0,1
474,0,27,34,0,0
475,0,27,10,0,1
476,0,27,22,0,2
477,0,27,29,0,2
478,0,27,4,0,1
479,1,27,38,0,0
480,0,27,11,0,1
481,0,27,39,1,0
482,0,27,30,1,2
483,0,27,26,1,2
484,1,27,5,1,1
485,0,27,27,1,2
486,1,27,32,1,0
487,0,27,24,1,2
488,1,27,15,1,1
489,1,27,35,1,0
490,1,27,6,1,1
491,0,27,3,1,1
492,1,27,21,1,2
493,0,27,2,1,1
494,0,27,1,2,1
495,1,27,17,2,2
496,1,27,18,2,2
497,1,27,12,2,1
498,1,27,31,2,0
499,1,27,23,2,2
500,1,27,37,2,0
501,1,27,13,2,1
502,1,27,7,2,1
503,0,27,8,2,1
504,0,27,33,2,0
505,1,27,16,2,2
506,1,27,25,2,2
507,0,25,37,0,0
508,1,25,14,0,1
509,0,25,39,0,0
510,1,25,20,0,2
511,1,25,23,0,2
512,0,25,27,0,2
513,0,25,7,0,1
514,0,25,11,0,1
515,1,25,31,0,0
516,0,25,30,0,2
517,0,25,28,0,2
518,0,25,3,0,1
519,0,25,15,0,1
520,1,25,21,1,2
521,1,25,13,1,1
522,1,25,12,1,1
523,0,25,26,1,2
524,1,25,8,1,1
525,0,25,34,1,0
526,1,25,32,1,0
527,1,25,29,1,2
528,0,25,5,1,1
529,1,25,4,1,1
530,1,25,25,1,2
531,1,25,35,1,0
532,1,25,17,1,2
533,1,25,33,2,0
534,0,25,1,2,1
535,1,25,2,2,1
536,1,25,22,2,2
537,0,25,24,2,2
538,1,25,10,2,1
539,1,25,19,2,2
540,0,25,6,2,1
541,0,25,16,2,2
542,1,25,36,2,0
543,1,25,18,2,2
544,0,25,38,2,0
545,1,25,9,2,1
546,0,24,16,0,2
547,0,24,1,0,1
548,1,24,31,0,0
549,0,24,19,0,2
550,0,24,17,0,2
551,1,24,15,0,1
552,0,24,6,0,1
553,1,24,13,0,1
554,0,24,29,0,2
555,0,24,22,0,2
556,0,24,33,0,0
557,0,24,34,0,0
558,1,24,8,0,1
559,1,24,5,1,1
560,0,24,18,1,2
561,0,24,27,1,2
562,1,24,26,1,2
563,0,24,39,1,0
564,0,24,24,1,2
565,1,24,12,1,1
566,1,24,9,1,1
567,1,24,2,1,1
568,1,24,38,1,0
569,1,24,14,1,1
570,1,24,37,1,0
571,0,24,30,1,2
572,1,24,25,2,2
573,1,24,10,2,1
574,1,24,28,2,2
575,1,24,3,2,1
576,0,24,7,2,1
577,1,24,21,2,2
578,1,24,4,2,1
579,1,24,20,2,2
580,1,24,35,2,0
581,1,24,23,2,2
582,1,24,11,2,1
583,1,24,32,2,0
584,1,24,36,2,0
585,0,23,7,0,1
586,1,23,14,0,1
587,0,23,6,0,1
588,0,23,11,0,1
589,0,23,26,0,2
590,1,23,34,0,0
591,1,23,25,0,2
592,1,23,30,0,2
593,1,23,33,0,0
594,0,23,16,0,2
595,1,23,23,0,2
596,1,23,31,0,0
597,1,23,5,0,1
598,1,23,10,1,1
599,1,23,35,1,0
600,1,23,36,1,0
601,0,23,17,1,2
602,1,23,28,1,2
603,0,23,24,1,2
604,1,23,32,1,0
605,1,23,2,1,1
606,1,23,13,1,1
607,0,23,19,1,2
608,0,23,22,1,2
609,1,23,3,1,1
610,1,23,8,1,1
611,1,23,12,2,1
612,1,23,20,2,2
613,1,23,39,2,0
614,1,23,21,2,2
615,1,23,37,2,0
616,1,23,15,2,1
617,1,23,38,2,0
618,1,23,18,2,2
619,1,23,29,2,2
620,1,23,1,2,1
621,0,23,9,2,1
622,1,23,4,2,1
623,1,23,27,2,2
624,1,22,37,0,0
625,1,22,16,0,2
626,1,22,21,0,2
627,1,22,29,0,2
628,0,22,24,0,2
629,0,22,12,0,1
630,1,22,11,0,1
631,0,22,3,0,1
632,1,22,14,0,1
633,1,22,31,0,0
634,1,22,15,0,1
635,1,22,25,0,2
636,1,22,36,0,0
637,1,22,23,1,2
638,1,22,13,1,1
639,0,22,19,1,2
640,1,22,39,1,0
641,0,22,30,1,2
642,1,22,10,1,1
643,1,22,33,1,0
644,0,22,27,1,2
645,1,22,5,1,1
646,1,22,35,1,0
647,1,22,28,1,2
648,0,22,6,1,1
649,1,22,2,1,1
650,1,22,20,2,2
651,0,22,34,2,0
652,1,22,32,2,0
653,1,22,26,2,2
654,1,22,18,2,2
655,1,22,17,2,2
656,0,22,9,2,1
657,1,22,38,2,0
658,1,22,8,2,1
659,1,22,7,2,1
660,1,22,1,2,1
661,1,22,22,2,2
662,1,22,4,2,1
663,1,21,21,0,2
664,1,21,6,0,1
665,1,21,18,0,2
666,1,21,36,0,0
667,1,21,16,0,2
668,0,21,3,0,1
669,1,21,15,0,1
670,0,21,2,0,1
671,0,21,7,0,1
672,1,21,32,0,0
673,1,21,37,0,0
674,1,21,17,0,2
675,0,21,23,0,2
676,1,21,12,1,1
677,1,21,24,1,2
678,1,21,29,1,2
679,1,21,31,1,0
680,1,21,20,1,2
681,1,21,10,1,1
682,1,21,14,1,1
683,1,21,25,1,2
684,1,21,5,1,1
685,1,21,34,1,0
686,1,21,39,1,0
687,1,21,11,1,1
688,1,21,19,1,2
689,1,21,27,2,2
690,1,21,22,2,2
691,1,21,13,2,1
692,1,21,4,2,1
693,1,21,9,2,1
694,1,21,35,2,0
695,1,21,8,2,1
696,1,21,30,2,2
697,1,21,28,2,2
698,1,21,38,2,0
699,1,21,1,2,1
700,1,21,33,2,0
701,1,21,26,2,2
702,1,20,28,0,2
703,0,20,2,0,1
704,1,20,14,0,1
705,0,20,30,0,2
706,0,20,39,0,0
707,0,20,7,0,1
708,1,20,16,0,2
709,0,20,12,0,1
710,0,20,33,0,0
711,0,20,37,0,0
712,1,20,23,0,2
713,1,20,27,0,2
714,0,20,4,0,1
715,1,20,34,1,0
716,0,20,5,1,1
717,1,20,10,1,1
718,1,20,32,1,0
719,0,20,9,1,1
720,0,20,6,1,1
721,0,20,24,1,2
722,1,20,3,1,1
723,1,20,17,1,2
724,1,20,19,1,2
725,0,20,25,1,2
726,0,20,18,1,2
727,1,20,35,1,0
728,0,20,38,2,0
729,1,20,26,2,2
730,1,20,22,2,2
731,1,20,13,2,1
732,1,20,20,2,2
733,1,20,31,2,0
734,1,20,21,2,2
735,0,20,1,2,1
736,1,20,36,2,0
737,1,20,15,2,1
738,1,20,11,2,1
739,1,20,29,2,2
740,0,20,8,2,1
741,1,19,29,0,2
742,1,19,7,0,1
743,1,19,11,0,1
744,1,19,14,0,1
745,0,19,33,0,0
746,0,19,27,0,2
747,0,19,22,0,2
748,1,19,39,0,0
749,1,19,38,0,0
750,0,19,8,0,1
751,1,19,10,0,1
752,1,19,17,0,2
753,1,19,30,0,2
754,1,19,12,1,1
755,1,19,25,1,2
756,1,19,34,1,0
757,1,19,31,1,0
758,0,19,21,1,2
759,1,19,20,1,2
760,1,19,35,1,0
761,1,19,1,1,1
762,0,19,18,1,2
763,1,19,26,1,2
764,1,19,15,1,1
765,1,19,6,1,1
766,1,19,4,1,1
767,0,19,37,2,0
768,1,19,36,2,0
769,1,19,28,2,2
770,1,19,3,2,1
771,1,19,16,2,2
772,0,19,24,2,2
773,1,19,2,2,1
774,1,19,13,2,1
775,1,19,23,2,2
776,1,19,19,2,2
777,1,19,5,2,1
778,1,19,9,2,1
779,1,19,32,2,0
780,0,18,32,0,0
781,0,18,9,0,1
782,0,18,23,0,2
783,1,18,1,0,1
784,0,18,3,0,1
785,1,18,31,0,0
786,1,18,17,0,2
787,1,18,18,0,2
788,0,18,7,0,1
789,0,18,29,0,2
790,1,18,13,0,1
791,1,18,34,0,0
792,0,18,24,0,2
793,1,18,2,1,1
794,0,18,30,1,2
795,1,18,8,1,1
796,1,18,14,1,1
797,0,18,25,1,2
798,1,18,4,1,1
799,1,18,27,1,2
800,0,18,22,1,2
801,0,18,5,1,1
802,1,18,21,1,2
803,1,18,36,1,0
804,1,18,37,1,0
805,0,18,39,1,0
806,1,18,35,2,0
807,1,18,19,2,2
808,0,18,26,2,2
809,1,18,16,2,2
810,0,18,6,2,1
811,1,18,12,2,1
812,1,18,11,2,1
813,1,18,38,2,0
814,1,18,15,2,1
815,1,18,28,2,2
816,0,18,20,2,2
817,1,18,10,2,1
818,0,18,33,2,0
819,1,17,20,0,2
820,0,17,25,0,2
821,1,17,18,0,2
822,1,17,9,0,1
823,0,17,12,0,1
824,0,17,5,0,1
825,1,17,35,0,0
826,1,17,31,0,0
827,1,17,10,0,1
828,1,17,38,0,0
829,0,17,30,0,2
830,0,17,3,0,1
831,1,17,23,0,2
832,0,17,28,1,2
833,0,17,39,1,0
834,1,17,14,1,1
835,1,17,37,1,0
836,1,17,6,1,1
837,1,17,13,1,1
838,0,17,17,1,2
839,0,17,24,1,2
840,0,17,1,1,1
841,1,17,21,1,2
842,1,17,19,1,2
843,0,17,32,1,0
844,1,17,2,1,1
845,0,17,8,2,1
846,1,17,16,2,2
847,1,17,29,2,2
848,1,17,7,2,1
849,1,17,27,2,2
850,0,17,33,2,0
851,1,17,34,2,0
852,1,17,22,2,2
853,1,17,26,2,2
854,1,17,36,2,0
855,1,17,11,2,1
856,1,17,4,2,1
857,1,17,15,2,1
858,1,16,5,0,1
859,1,16,39,0,0
860,1,16,14,0,1
861,1,16,19,0,2
862,0,16,22,0,2
863,1,16,26,0,2
864,0,16,10,0,1
865,0,16,27,0,2
866,1,16,34,0,0
867,0,16,30,0,2
868,1,16,8,0,1
869,1,16,36,0,0
870,0,16,6,0,1
871,1,16,13,1,1
872,0,16,25,1,2
873,1,16,28,1,2
874,1,16,15,1,1
875,1,16,3,1,1
876,1,16,1,1,1
877,1,16,38,1,0
878,0,16,37,1,0
879,1,16,31,1,0
880,1,16,12,1,1
881,1,16,23,1,2
882,1,16,16,1,2
883,1,16,29,1,2
884,0,16,9,2,1
885,1,16,20,2,2
886,1,16,7,2,1
887,1,16,33,2,0
888,1,16,11,2,1
889,1,16,2,2,1
890,0,16,24,2,2
891,1,16,18,2,2
892,1,16,17,2,2
893,1,16,21,2,2
894,1,16,32,2,0
895,1,16,4,2,1
896,1,16,35,2,0
897,0,15,33,0,0
898,1,15,13,0,1
899,1,15,34,0,0
900,0,15,5,0,1
901,1,15,17,0,2
902,0,15,2,0,1
903,0,15,23,0,2
904,1,15,15,0,1
905,1,15,16,0,2
906,1,15,39,0,0
907,0,15,4,0,1
908,1,15,18,0,2
909,1,15,19,0,2
910,1,15,38,1,0
911,0,15,37,1,0
912,0,15,29,1,2
913,1,15,12,1,1
914,0,15,22,1,2
915,1,15,3,1,1
916,1,15,10,1,1
917,1,15,36,1,0
918,1,15,8,1,1
919,1,15,28,1,2
920,0,15,24,1,2
921,1,15,30,1,2
922,1,15,1,1,1
923,1,15,20,2,2
924,1,15,26,2,2
925,0,15,9,2,1
926,0,15,25,2,2
927,1,15,14,2,1
928,1,15,31,2,0
929,0,15,6,2,1
930,1,15,32,2,0
931,0,15,35,2,0
932,1,15,11,2,1
933,0,15,21,2,2
934,1,15,27,2,2
935,0,15,7,2,1
936,0,14,25,0,2
937,0,14,13,0,1
938,0,14,23,0,2
939,0,14,11,0,1
940,0,14,9,0,1
941,0,14,10,0,1
942,0,14,12,0,1
943,0,14,27,0,2
944,0,14,37,0,0
945,1,14,32,0,0
946,0,14,16,0,2
947,0,14,26,0,2
948,1,14,33,0,0
949,1,14,34,1,0
950,0,14,6,1,1
951,1,14,2,1,1
952,1,14,20,1,2
953,0,14,18,1,2
954,1,14,21,1,2
955,1,14,31,1,0
956,1,14,4,1,1
957,1,14,14,1,1
958,1,14,7,1,1
959,1,14,39,1,0
960,0,14,24,1,2
961,0,14,30,1,2
962,1,14,17,2,2
963,1,14,3,2,1
964,1,14,29,2,2
965,1,14,38,2,0
966,1,14,22,2,2
967,1,14,19,2,2
968,1,14,15,2,1
969,1,14,36,2,0
970,1,14,1,2,1
971,0,14,5,2,1
972,1,14,35,2,0
973,1,14,28,2,2
974,0,14,8,2,1
975,1,13,17,0,2
976,1,13,6,0,1
977,0,13,10,0,1
978,0,13,3,0,1
979,1,13,28,0,2
980,1,13,35,0,0
981,1,13,36,0,0
982,0,13,24,0,2
983,1,13,19,0,2
984,0,13,8,0,1
985,1,13,20,0,2
986,1,13,38,0,0
987,1,13,15,0,1
988,1,13,4,1,1
989,1,13,33,1,0
990,0,13,27,1,2
991,1,13,9,1,1
992,1,13,14,1,1
993,1,13,12,1,1
994,0,13,30,1,2
995,1,13,21,1,2
996,1,13,11,1,1
997,0,13,37,1,0
998,1,13,18,1,2
999,1,13,31,1,0
1000,1,13,26,1,2
1001,1,13,22,2,2
1002,1,13,32,2,0
1003,1,13,5,2,1
1004,1,13,2,2,1
1005,1,13,34,2,0
1006,1,13,16,2,2
1007,1,13,23,2,2
1008,1,13,7,2,1
1009,1,13,29,2,2
1010,0,13,39,2,0
1011,1,13,1,2,1
1012,1,13,13,2,1
1013,1,13,25,2,2
1014,0,12,23,0,2
1015,1,12,32,0,0
1016,0,12,24,0,2
1017,1,12,9,0,1
1018,1,12,16,0,2
1019,1,12,38,0,0
1020,1,12,25,0,2
1021,1,12,14,0,1
1022,0,12,6,0,1
1023,1,12,36,0,0
1024,0,12,21,0,2
1025,1,12,8,0,1
1026,0,12,11,0,1
1027,1,12,13,1,1
1028,0,12,18,1,2
1029,1,12,22,1,2
1030,1,12,15,1,1
1031,0,12,33,1,0
1032,1,12,3,1,1
1033,1,12,5,1,1
1034,0,12,30,1,2
1035,1,12,4,1,1
1036,0,12,39,1,0
1037,0,12,17,1,2
1038,0,12,37,1,0
1039,0,12,19,1,2
1040,0,12,1,2,1
1041,1,12,12,2,1
1042,1,12,20,2,2
1043,1,12,35,2,0
1044,1,12,10,2,1
1045,1,12,28,2,2
1046,1,12,26,2,2
1047,1,12,27,2,2
1048,1,12,31,2,0
1049,1,12,7,2,1
1050,1,12,29,2,2
1051,1,12,34,2,0
1052,1,12,2,2,1
1053,0,11,13,0,1
1054,0,11,10,0,1
1055,0,11,1,0,1
1056,1,11,11,0,1
1057,0,11,25,0,2
1058,0,11,24,0,2
1059,0,11,18,0,2
1060,0,11,39,0,0
1061,1,11,38,0,0
1062,0,11,7,0,1
1063,1,11,36,0,0
1064,0,11,17,0,2
1065,1,11,16,0,2
1066,0,11,28,1,2
1067,0,11,27,1,2
1068,0,11,30,1,2
1069,1,11,34,1,0
1070,1,11,14,1,1
1071,0,11,8,1,1
1072,0,11,6,1,1
1073,1,11,3,1,1
1074,1,11,12,1,1
1075,1,11,29,1,2
1076,0,11,37,1,0
1077,0,11,33,1,0
1078,0,11,20,1,2
1079,1,11,23,2,2
1080,1,11,15,2,1
1081,1,11,19,2,2
1082,0,11,5,2,1
1083,0,11,2,2,1
1084,1,11,4,2,1
1085,1,11,35,2,0
1086,1,11,22,2,2
1087,1,11,21,2,2
1088,0,11,9,2,1
1089,1,11,32,2,0
1090,1,11,31,2,0
1091,1,11,26,2,2
1092,0,10,32,0,0
1093,0,10,1,0,1
1094,0,10,18,0,2
1095,0,10,21,0,2
1096,1,10,23,0,2
1097,0,10,22,0,2
1098,0,10,4,0,1
1099,0,10,8,0,1
1100,1,10,5,0,1
1101,0,10,33,0,0
1102,1,10,10,0,1
1103,0,10,20,0,2
1104,1,10,34,0,0
1105,0,10,37,1,0
1106,1,10,39,1,0
1107,1,10,31,1,0
1108,1,10,19,1,2
1109,1,10,6,1,1
1110,1,10,11,1,1
1111,0,10,2,1,1
1112,0,10,24,1,2
1113,1,10,12,1,1
1114,0,10,25,1,2
1115,1,10,28,1,2
1116,0,10,9,1,1
1117,0,10,26,1,2
1118,1,10,17,2,2
1119,1,10,13,2,1
1120,1,10,16,2,2
1121,1,10,14,2,1
1122,1,10,29,2,2
1123,1,10,15,2,1
1124,1,10,7,2,1
1125,1,10,30,2,2
1126,1,10,36,2,0
1127,1,10,27,2,2
1128,1,10,35,2,0
1129,1,10,38,2,0
1130,1,10,3,2,1
1131,1,9,15,0,1
1132,0,9,26,0,2
1133,0,9,32,0,0
1134,0,9,18,0,2
1135,1,9,16,0,2
1136,0,9,39,0,0
1137,0,9,29,0,2
1138,0,9,13,0,1
1139,0,9,4,0,1
1140,0,9,11,0,1
1141,0,9,6,0,1
1142,0,9,22,0,2
1143,1,9,38,0,0
1144,0,9,36,1,0
1145,1,9,12,1,1
1146,0,9,5,1,1
1147,1,9,7,1,1
1148,0,9,20,1,2
1149,0,9,1,1,1
1150,1,9,33,1,0
1151,1,9,14,1,1
1152,0,9,25,1,2
1153,0,9,19,1,2
1154,1,9,28,1,2
1155,0,9,17,1,2
1156,0,9,34,1,0
1157,0,9,9,2,1
1158,1,9,8,2,1
1159,1,9,35,2,0
1160,0,9,24,2,2
1161,1,9,30,2,2
1162,1,9,27,2,2
1163,1,9,21,2,2
1164,1,9,3,2,1
1165,0,9,2,2,1
1166,0,9,23,2,2
1167,0,9,37,2,0
1168,1,9,31,2,0
1169,1,9,10,2,1
1170,0,8,26,0,2
1171,0,8,33,0,0
1172,0,8,24,0,2
1173,1,8,31,0,0
1174,0,8,3,0,1
1175,1,8,14,0,1
1176,1,8,19,0,2
1177,1,8,1,0,1
1178,0,8,4,0,1
1179,0,8,29,0,2
1180,0,8,23,0,2
1181,1,8,32,0,0
1182,0,8,6,0,1
1183,1,8,18,1,2
1184,1,8,22,1,2
1185,0,8,27,1,2
1186,0,8,5,1,1
1187,1,8,2,1,1
1188,1,8,8,1,1
1189,0,8,21,1,2
1190,1,8,35,1,0
1191,1,8,12,1,1
1192,0,8,37,1,0
1193,1,8,9,1,1
1194,0,8,30,1,2
1195,1,8,34,1,0
1196,1,8,20,2,2
1197,1,8,13,2,1
1198,1,8,10,2,1
1199,1,8,7,2,1
1200,1,8,28,2,2
1201,1,8,38,2,0
1202,1,8,36,2,0
1203,1,8,11,2,1
1204,1,8,25,2,2
1205,0,8,16,2,2
1206,1,8,15,2,1
1207,1,8,39,2,0
1208,1,8,17,2,2
1209,0,7,1,0,1
1210,0,7,4,0,1
1211,0,7,17,0,2
1212,0,7,27,0,2
1213,1,7,16,0,2
1214,1,7,38,0,0
1215,1,7,11,0,1
1216,0,7,22,0,2
1217,0,7,9,0,1
1218,0,7,31,0,0
1219,0,7,36,0,0
1220,0,7,10,0,1
1221,1,7,18,0,2
1222,0,7,21,1,2
1223,1,7,14,1,1
1224,0,7,25,1,2
1225,0,7,8,1,1
1226,1,7,15,1,1
1227,0,7,24,1,2
1228,1,7,32,1,0
1229,1,7,37,1,0
1230,1,7,35,1,0
1231,1,7,26,1,2
1232,1,7,2,1,1
1233,0,7,20,1,2
1234,0,7,5,1,1
1235,0,7,30,2,2
1236,1,7,28,2,2
1237,0,7,6,2,1
1238,1,7,7,2,1
1239,1,7,3,2,1
1240,1,7,29,2,2
1241,1,7,34,2,0
1242,1,7,13,2,1
1243,1,7,33,2,0
1244,1,7,23,2,2
1245,0,7,19,2,2
1246,1,7,39,2,0
1247,1,7,12,2,1
1248,1,5,32,0,0
1249,0,5,12,0,1
1250,1,5,36,0,0
1251,0,5,4,0,1
1252,1,5,10,0,1
1253,0,5,22,0,2
1254,0,5,1,0,1
1255,0,5,25,0,2
1256,0,5,33,0,0
1257,1,5,16,0,2
1258,0,5,26,0,2
1259,1,5,28,0,2
1260,1,5,11,0,1
1261,0,5,7,1,1
1262,0,5,9,1,1
1263,1,5,23,1,2
1264,0,5,35,1,0
1265,1,5,15,1,1
1266,1,5,31,1,0
1267,0,5,19,1,2
1268,0,5,21,1,2
1269,1,5,3,1,1
1270,0,5,30,1,2
1271,1,5,34,1,0
1272,0,5,27,1,2
1273,0,5,6,1,1
1274,1,5,2,2,1
1275,0,5,37,2,0
1276,1,5,18,2,2
1277,1,5,17,2,2
1278,1,5,20,2,2
1279,1,5,29,2,2
1280,1,5,13,2,1
1281,0,5,24,2,2
1282,1,5,38,2,0
1283,0,5,5,2,1
1284,0,5,39,2,0
1285,1,5,14,2,1
1286,1,5,8,2,1
1287,0,3,1,0,1
1288,0,3,23,0,2
1289,0,3,18,0,2
1290,1,3,22,0,2
1291,0,3,34,0,0
1292,1,3,36,0,0
1293,1,3,14,0,1
1294,0,3,31,0,0
1295,1,3,15,0,1
1296,0,3,26,0,2
1297,1,3,13,0,1
1298,0,3,24,0,2
1299,0,3,6,0,1
1300,0,3,20,1,2
1301,1,3,35,1,0
1302,0,3,3,1,1
1303,0,3,25,1,2
1304,0,3,8,1,1
1305,0,3,37,1,0
1306,0,3,29,1,2
1307,1,3,11,1,1
1308,0,3,9,1,1
1309,0,3,21,1,2
1310,0,3,30,1,2
1311,0,3,12,1,1
1312,1,3,33,1,0
1313,0,3,2,2,1
1314,0,3,16,2,2
1315,1,3,32,2,0
1316,1,3,38,2,0
1317,0,3,17,2,2
1318,1,3,28,2,2
1319,1,3,4,2,1
1320,0,3,27,2,2
1321,0,3,7,2,1
1322,0,3,10,2,1
1323,0,3,19,2,2
1324,0,3,39,2,0
1325,1,3,5,2,1
1326,0,2,24,0,2
1327,0,2,25,0,2
1328,0,2,2,0,1
1329,0,2,30,0,2
1330,0,2,17,0,2
1331,0,2,3,0,1
1332,0,2,7,0,1
1333,1,2,14,0,1
1334,0,2,37,0,0
1335,1,2,39,0,0
1336,1,2,19,0,2
1337,0,2,6,0,1
1338,0,2,32,0,0
1339,0,2,27,1,2
1340,1,2,4,1,1
1341,0,2,28,1,2
1342,1,2,31,1,0
1343,1,2,8,1,1
1344,1,2,23,1,2
1345,0,2,9,1,1
1346,0,2,20,1,2
1347,0,2,22,1,2
1348,1,2,33,1,0
1349,1,2,12,1,1
1350,1,2,10,1,1
1351,0,2,38,1,0
1352,1,2,18,2,2
1353,0,2,36,2,0
1354,1,2,21,2,2
1355,1,2,35,2,0
1356,1,2,29,2,2
1357,0,2,34,2,0
1358,1,2,13,2,1
1359,1,2,11,2,1
1360,1,2,1,2,1
1361,0,2,5,2,1
1362,1,2,16,2,2
1363,1,2,26,2,2
1364,1,2,15,2,1
1365,1,1,13,0,1
1366,0,1,21,0,2
1367,0,1,12,0,1
1368,1,1,16,0,2
1369,1,1,28,0,2
1370,1,1,26,0,2
1371,0,1,2,0,1
1372,1,1,35,0,0
1373,0,1,27,0,2
1374,1,1,5,0,1
1375,0,1,32,0,0
1376,1,1,9,0,1
1377,0,1,37,0,0
1378,1,1,15,1,1
1379,1,1,29,1,2
1380,0,1,17,1,2
1381,1,1,11,1,1
1382,1,1,18,1,2
1383,1,1,39,1,0
1384,1,1,10,1,1
1385,1,1,3,1,1
1386,1,1,31,1,0
1387,1,1,7,1,1
1388,1,1,38,1,0
1389,1,1,20,1,2
1390,0,1,24,1,2
1391,1,1,22,2,2
1392,1,1,6,2,1
1393,1,1,14,2,1
1394,1,1,36,2,0
1395,1,1,4,2,1
1396,1,1,1,2,1
1397,1,1,33,2,0
1398,1,1,23,2,2
1399,1,1,19,2,2
1400,1,1,34,2,0
1401,1,1,25,2,2
1402,1,1,30,2,2
1403,1,1,8,2,1
0,1,41,1,0,1
1,0,41,39,0,0
2,0,41,4,0,1
3,1,41,31,0,0
4,1,41,15,0,1
5,0,41,16,0,2
6,1,41,14,0,1
7,0,41,27,0,2
8,1,41,21,0,2
9,0,41,10,0,1
10,1,41,17,0,2
11,1,41,35,0,0
12,0,41,28,0,2
13,1,41,25,1,2
14,1,41,32,1,0
15,1,41,6,1,1
16,0,41,22,1,2
17,1,41,34,1,0
18,0,41,7,1,1
19,1,41,19,1,2
20,1,41,2,1,1
21,0,41,24,1,2
22,1,41,8,1,1
23,0,41,9,1,1
24,0,41,30,1,2
25,1,41,38,1,0
26,1,41,11,2,1
27,0,41,37,2,0
28,1,41,36,2,0
29,0,41,26,2,2
30,1,41,18,2,2
31,0,41,12,2,1
32,1,41,3,2,1
33,0,41,5,2,1
34,1,41,23,2,2
35,1,41,13,2,1
36,1,41,33,2,0
37,1,41,29,2,2
38,1,41,20,2,2
39,1,42,20,0,2
40,1,42,19,0,2
41,1,42,15,0,1
42,1,42,38,0,0
43,1,42,21,0,2
44,0,42,3,0,1
45,1,42,35,0,0
46,1,42,30,0,2
47,1,42,25,0,2
48,1,42,33,0,0
49,1,42,1,0,1
50,0,42,11,0,1
51,1,42,7,0,1
52,0,42,34,1,0
53,1,42,28,1,2
54,0,42,22,1,2
55,1,42,8,1,1
56,1,42,4,1,1
57,1,42,14,1,1
58,0,42,26,1,2
59,1,42,23,1,2
60,1,42,13,1,1
61,1,42,39,1,0
62,1,42,37,1,0
63,1,42,10,1,1
64,1,42,29,1,2
65,1,42,5,2,1
66,1,42,18,2,2
67,1,42,24,2,2
68,1,42,31,2,0
69,1,42,27,2,2
70,1,42,6,2,1
71,1,42,2,2,1
72,0,42,12,2,1
73,1,42,17,2,2
74,1,42,9,2,1
75,1,42,36,2,0
76,1,42,32,2,0
77,1,42,16,2,2
78,1,43,5,0,1
79,1,43,32,0,0
80,0,43,37,0,0
81,1,43,28,0,2
82,0,43,18,0,2
83,1,43,31,0,0
84,0,43,16,0,2
85,0,43,27,0,2
86,1,43,14,0,1
87,0,43,10,0,1
88,0,43,13,0,1
89,1,43,20,0,2
90,1,43,15,0,1
91,1,43,11,1,1
92,0,43,30,1,2
93,1,43,12,1,1
94,0,43,24,1,2
95,1,43,23,1,2
96,1,43,3,1,1
97,0,43,9,1,1
98,1,43,6,1,1
99,0,43,25,1,2
100,1,43,33,1,0
101,1,43,36,1,0
102,0,43,22,1,2
103,0,43,34,1,0
104,1,43,7,2,1
105,1,43,35,2,0
106,1,43,8,2,1
107,1,43,19,2,2
108,1,43,21,2,2
109,1,43,17,2,2
110,1,43,1,2,1
111,1,43,29,2,2
112,0,43,39,2,0
113,1,43,2,2,1
114,1,43,4,2,1
115,1,43,38,2,0
116,1,43,26,2,2
117,0,44,2,0,1
118,0,44,26,0,2
119,1,44,14,0,1
120,1,44,37,0,0
121,0,44,27,0,2
122,0,44,1,0,1
123,1,44,21,0,2
124,0,44,8,0,1
125,1,44,31,0,0
126,0,44,4,0,1
127,1,44,33,0,0
128,0,44,19,0,2
129,1,44,23,0,2
130,1,44,36,1,0
131,1,44,28,1,2
132,1,44,34,1,0
133,1,44,22,1,2
134,0,44,24,1,2
135,1,44,12,1,1
136,1,44,7,1,1
137,1,44,5,1,1
138,1,44,25,1,2
139,1,44,9,1,1
140,1,44,38,1,0
141,1,44,30,1,2
142,1,44,15,1,1
143,1,44,39,2,0
144,1,44,32,2,0
145,1,44,11,2,1
146,1,44,13,2,1
147,1,44,35,2,0
148,1,44,17,2,2
149,1,44,29,2,2
150,1,44,10,2,1
151,1,44,18,2,2
152,1,44,6,2,1
153,1,44,3,2,1
154,0,44,20,2,2
155,1,44,16,2,2
156,1,45,11,0,1
157,0,45,29,0,2
158,1,45,12,0,1
159,0,45,23,0,2
160,0,45,2,0,1
161,1,45,38,0,0
162,1,45,35,0,0
163,0,45,28,0,2
164,1,45,22,0,2
165,0,45,18,0,2
166,0,45,13,0,1
167,0,45,6,0,1
168,0,45,37,0,0
169,0,45,30,1,2
170,1,45,7,1,1
171,1,45,31,1,0
172,0,45,9,1,1
173,1,45,34,1,0
174,0,45,27,1,2
175,1,45,39,1,0
176,0,45,21,1,2
177,1,45,3,1,1
178,0,45,16,1,2
179,1,45,1,1,1
180,0,45,26,1,2
181,1,45,15,1,1
182,1,45,36,2,0
183,1,45,33,2,0
184,1,45,17,2,2
185,1,45,8,2,1
186,0,45,24,2,2
187,1,45,14,2,1
188,1,45,4,2,1
189,0,45,5,2,1
190,1,45,20,2,2
191,1,45,32,2,0
192,0,45,25,2,2
193,1,45,10,2,1
194,1,45,19,2,2
195,1,46,34,0,0
196,1,46,16,0,2
197,0,46,27,0,2
198,0,46,24,0,2
199,1,46,31,0,0
200,0,46,39,0,0
201,0,46,5,0,1
202,0,46,15,0,1
203,0,46,10,0,1
204,0,46,23,0,2
205,0,46,22,0,2
206,1,46,2,0,1
207,0,46,7,0,1
208,0,46,9,1,1
209,0,46,11,1,1
210,0,46,28,1,2
211,1,46,33,1,0
212,0,46,1,1,1
213,0,46,6,1,1
214,1,46,12,1,1
215,0,46,19,1,2
216,1,46,30,1,2
217,0,46,36,1,0
218,1,46,35,1,0
219,0,46,26,1,2
220,0,46,20,1,2
221,0,46,4,2,1
222,1,46,3,2,1
223,1,46,32,2,0
224,0,46,8,2,1
225,0,46,29,2,2
226,0,46,13,2,1
227,0,46,25,2,2
228,1,46,38,2,0
229,1,46,14,2,1
230,1,46,21,2,2
231,1,46,37,2,0
232,0,46,18,2,2
233,1,46,17,2,2
234,0,47,19,0,2
235,0,47,22,0,2
236,0,47,3,0,1
237,1,47,2,0,1
238,0,47,34,0,0
239,1,47,36,0,0
240,0,47,24,0,2
241,1,47,39,0,0
242,0,47,23,0,2
243,1,47,1,0,1
244,1,47,10,0,1
245,1,47,14,0,1
246,0,47,21,0,2
247,0,47,17,1,2
248,0,47,20,1,2
249,1,47,15,1,1
250,1,47,6,1,1
251,1,47,28,1,2
252,0,47,37,1,0
253,0,47,5,1,1
254,1,47,12,1,1
255,1,47,35,1,0
256,1,47,33,1,0
257,0,47,16,1,2
258,0,47,27,1,2
259,0,47,7,1,1
260,1,47,11,2,1
261,1,47,26,2,2
262,0,47,9,2,1
263,1,47,25,2,2
264,1,47,32,2,0
265,0,47,8,2,1
266,1,47,38,2,0
267,0,47,18,2,2
268,1,47,29,2,2
269,1,47,13,2,1
270,1,47,31,2,0
271,1,47,30,2,2
272,1,47,4,2,1
273,1,48,6,0,1
274,0,48,25,0,2
275,0,48,19,0,2
276,1,48,31,0,0
277,0,48,8,0,1
278,1,48,36,0,0
279,1,48,14,0,1
280,1,48,34,0,0
281,0,48,15,0,1
282,1,48,22,0,2
283,0,48,1,0,1
284,0,48,21,0,2
285,0,48,26,0,2
286,0,48,9,1,1
287,0,48,39,1,0
288,0,48,3,1,1
289,1,48,13,1,1
290,1,48,23,1,2
291,0,48,17,1,2
292,1,48,35,1,0
293,1,48,12,1,1
294,1,48,27,1,2
295,1,48,18,1,2
296,0,48,4,1,1
297,0,48,20,1,2
298,0,48,33,1,0
299,1,48,29,2,2
300,0,48,5,2,1
301,1,48,28,2,2
302,0,48,24,2,2
303,0,48,37,2,0
304,1,48,38,2,0
305,1,48,7,2,1
306,0,48,32,2,0
307,1,48,30,2,2
308,0,48,2,2,1
309,1,48,11,2,1
310,0,48,16,2,2
311,1,48,10,2,1
312,1,49,20,0,2
313,1,49,27,0,2
314,1,49,31,0,0
315,1,49,17,0,2
316,0,49,3,0,1
317,1,49,15,0,1
318,0,49,23,0,2
319,1,49,13,0,1
320,1,49,10,0,1
321,1,49,25,0,2
322,1,49,8,0,1
323,1,49,39,0,0
324,1,49,36,0,0
325,1,49,19,1,2
326,1,49,35,1,0
327,1,49,1,1,1
328,1,49,4,1,1
329,1,49,26,1,2
330,0,49,21,1,2
331,1,49,7,1,1
332,0,49,37,1,0
333,1,49,2,1,1
334,0,49,22,1,2
335,1,49,38,1,0
336,1,49,5,1,1
337,1,49,29,1,2
338,1,49,18,2,2
339,1,49,34,2,0
340,1,49,30,2,2
341,0,49,33,2,0
342,1,49,24,2,2
343,1,49,28,2,2
344,1,49,11,2,1
345,1,49,6,2,1
346,1,49,9,2,1
347,1,49,12,2,1
348,1,49,16,2,2
349,1,49,14,2,1
350,1,49,32,2,0
351,0,50,39,0,0
352,0,50,32,0,0
353,0,50,18,0,2
354,1,50,30,0,2
355,0,50,1,0,1
356,0,50,28,0,2
357,1,50,38,0,0
358,0,50,7,0,1
359,0,50,25,0,2
360,0,50,11,0,1
361,1,50,22,0,2
362,0,50,5,0,1
363,0,50,4,0,1
364,1,50,2,1,1
365,0,50,34,1,0
366,1,50,3,1,1
367,1,50,21,1,2
368,0,50,9,1,1
369,0,50,26,1,2
370,1,50,12,1,1
371,0,50,23,1,2
372,0,50,24,1,2
373,1,50,19,1,2
374,1,50,8,1,1
375,0,50,37,1,0
376,1,50,36,1,0
377,0,50,16,2,2
378,1,50,13,2,1
379,1,50,31,2,0
380,1,50,29,2,2
381,1,50,14,2,1
382,0,50,6,2,1
383,0,50,33,2,0
384,0,50,17,2,2
385,1,50,35,2,0
386,1,50,20,2,2
387,1,50,15,2,1
388,0,50,27,2,2
389,0,50,10,2,1
390,0,51,19,0,2
391,0,51,38,0,0
392,1,51,12,0,1
393,0,51,29,0,2
394,0,51,28,0,2
395,1,51,32,0,0
396,0,51,9,0,1
397,1,51,8,0,1
398,0,51,25,0,2
399,0,51,13,0,1
400,1,51,39,0,0
401,1,51,5,0,1
402,0,51,24,0,2
403,0,51,21,1,2
404,0,51,2,1,1
405,1,51,37,1,0
406,0,51,16,1,2
407,0,51,31,1,0
408,0,51,6,1,1
409,0,51,26,1,2
410,1,51,3,1,1
411,0,51,4,1,1
412,0,51,22,1,2
413,1,51,30,1,2
414,1,51,15,1,1
415,1,51,35,1,0
416,1,51,27,2,2
417,1,51,7,2,1
418,1,51,11,2,1
419,1,51,34,2,0
420,1,51,17,2,2
421,1,51,18,2,2
422,1,51,14,2,1
423,0,51,20,2,2
424,1,51,10,2,1
425,0,51,36,2,0
426,1,51,23,2,2
427,0,51,33,2,0
428,1,51,1,2,1
429,1,53,5,0,1
430,1,53,11,0,1
431,1,53,17,0,2
432,1,53,37,0,0
433,0,53,18,0,2
434,1,53,15,0,1
435,1,53,25,0,2
436,1,53,32,0,0
437,1,53,7,0,1
438,0,53,8,0,1
439,1,53,33,0,0
440,0,53,27,0,2
441,0,53,24,0,2
442,1,53,34,1,0
443,0,53,19,1,2
444,1,53,20,1,2
445,1,53,22,1,2
446,1,53,36,1,0
447,1,53,39,1,0
448,1,53,12,1,1
449,1,53,13,1,1
450,0,53,26,1,2
451,1,53,2,1,1
452,1,53,6,1,1
453,1,53,9,1,1
454,0,53,21,1,2
455,1,53,38,2,0
456,1,53,28,2,2
457,1,53,30,2,2
458,1,53,3,2,1
459,1,53,10,2,1
460,1,53,16,2,2
461,1,53,14,2,1
462,1,53,31,2,0
463,1,53,23,2,2
464,1,53,35,2,0
465,1,53,29,2,2
466,1,53,1,2,1
467,1,53,4,2,1
468,0,54,32,0,0
469,0,54,20,0,2
470,1,54,14,0,1
471,0,54,2,0,1
472,1,54,16,0,2
473,0,54,17,0,2
474,1,54,31,0,0
475,0,54,1,0,1
476,0,54,6,0,1
477,0,54,30,0,2
478,0,54,35,0,0
479,0,54,28,0,2
480,0,54,3,0,1
481,1,54,38,1,0
482,0,54,27,1,2
483,0,54,39,1,0
484,1,54,29,1,2
485,0,54,37,1,0
486,0,54,26,1,2
487,0,54,9,1,1
488,0,54,13,1,1
489,1,54,8,1,1
490,1,54,12,1,1
491,1,54,25,1,2
492,0,54,21,1,2
493,1,54,11,1,1
494,1,54,22,2,2
495,1,54,19,2,2
496,1,54,15,2,1
497,1,54,36,2,0
498,0,54,5,2,1
499,1,54,34,2,0
500,1,54,7,2,1
501,1,54,10,2,1
502,1,54,18,2,2
503,1,54,33,2,0
504,1,54,24,2,2
505,1,54,4,2,1
506,1,54,23,2,2
507,1,55,28,0,2
508,1,55,15,0,1
509,0,55,5,0,1
510,0,55,27,0,2
511,0,55,30,0,2
512,0,55,10,0,1
513,1,55,38,0,0
514,0,55,6,0,1
515,0,55,37,0,0
516,1,55,20,0,2
517,0,55,4,0,1
518,0,55,29,0,2
519,0,55,31,0,0
520,1,55,3,1,1
521,0,55,16,1,2
522,1,55,36,1,0
523,1,55,7,1,1
524,1,55,35,1,0
525,0,55,17,1,2
526,0,55,1,1,1
527,1,55,34,1,0
528,0,55,25,1,2
529,1,55,12,1,1
530,1,55,8,1,1
531,1,55,21,1,2
532,0,55,19,1,2
533,1,55,33,2,0
534,0,55,18,2,2
535,0,55,9,2,1
536,1,55,13,2,1
537,0,55,26,2,2
538,0,55,23,2,2
539,1,55,11,2,1
540,0,55,2,2,1
541,1,55,39,2,0
542,1,55,24,2,2
543,1,55,22,2,2
544,1,55,14,2,1
545,1,55,32,2,0
